Set,Real,y_pred_random_forest
Train,1,2.6515774597105684
Train,2,2.680659359505345
Train,2,2.7690865038573804
Train,4,2.727753126530558
Train,6,2.757213991930464
Train,1,2.611875417801514
Train,1,2.724631142927693
Train,3,2.7140436378804456
Train,1,2.719585665742124
Train,3,2.7502044312362917
Train,1,2.6661510977406326
Train,2,2.7417388612722715
Train,1,2.6151248363414368
Train,6,2.6725260434489373
Train,1,2.713144912816595
Train,3,2.7003204583365727
Train,4,2.7238613729934196
Train,1,2.6951897999004713
Train,4,2.699322692117625
Train,3,2.760381490161286
Train,5,2.7813063257498656
Train,2,2.6281281944716812
Train,1,2.7566765355258265
Train,1,2.6993992733076384
Train,2,2.7320021113882613
Train,0,2.6861625564876617
Train,0,2.5642132543657197
Train,2,2.6553402841751987
Train,3,2.702600787499232
Train,0,2.6692032806491675
Train,4,2.6731323505122053
Train,6,2.7901880986297294
Train,4,2.73725784154289
Train,1,2.666066182633588
Train,4,2.7404005923292076
Train,1,2.6794251222942442
Train,3,2.5542354809352092
Train,2,2.7645391483189594
Train,6,2.6842645187171468
Train,0,2.6119507108833977
Train,0,2.653294448412619
Train,3,2.5316715929326175
Train,3,2.7396987661643544
Train,5,2.656448964044235
Train,3,2.6847875030781605
Train,1,2.5905583462839545
Train,3,2.829093753980348
Train,2,2.7814048181295323
Train,1,2.6514208695445984
Train,6,2.6989704553982903
Train,2,2.695968010446178
Train,0,2.580901807278156
Train,2,2.664116151040017
Train,3,2.6237306785651504
Train,4,2.673486793095085
Train,6,2.6969152011221187
Train,2,2.74483017974038
Train,3,2.6541861779153
Train,1,2.6564982253262617
Train,2,2.7731391221919393
Train,4,2.7583533884177918
Train,3,2.671138389609745
Train,3,2.666372459648524
Train,4,2.7486604150458422
Train,2,2.614249269352074
Train,5,2.7452677882109833
Train,4,2.680049566284891
Train,6,2.746504694199598
Train,2,2.6543889725054255
Train,4,2.712925520442982
Train,0,2.6136348616836704
Train,3,2.578753560350917
Train,2,2.7542696810335956
Train,5,2.564884682469405
Train,3,2.609344446915361
Train,3,2.5581472507539407
Train,0,2.695536766301526
Train,1,2.6476274679313034
Train,3,2.686856484231858
Train,1,2.702200145824772
Train,4,2.695487118840917
Train,2,2.5867945689343013
Train,2,2.6831816604356895
Train,1,2.704483121969309
Train,3,2.6636442889171343
Train,6,2.650156576716963
Train,2,2.695398390711057
Train,4,2.7297067908386543
Train,2,2.6759340137421064
Train,6,2.7048361607342097
Train,3,2.6619312770112655
Train,4,2.700252506389836
Train,1,2.662444223113053
Train,2,2.724130148186902
Train,0,2.556527241892776
Train,2,2.7975779106107574
Train,0,2.6815380639773836
Train,1,2.77147853511199
Train,4,2.772602775345411
Train,6,2.7595028256964054
Train,1,2.7180180603364694
Train,5,2.7203406436417623
Train,2,2.5904118208319344
Train,3,2.6993402596348806
Train,5,2.6410456534024824
Train,3,2.739943163383913
Train,5,2.7649750052725888
Train,3,2.7357175207851503
Train,0,2.631235698226787
Train,3,2.7133998498119225
Train,6,2.690532833669434
Train,4,2.6513176795921165
Train,3,2.658368600725786
Train,3,2.723453569432802
Train,3,2.6152974427596987
Train,1,2.6121429239121428
Train,2,2.6725420871953873
Train,2,2.6515261609706693
Train,2,2.7097752213281208
Train,5,2.6613916307254275
Train,0,2.5998278788785405
Train,2,2.7380310443886104
Train,3,2.6990255337426943
Train,5,2.581962396970969
Train,4,2.6225275474640783
Train,2,2.4929694935856976
Train,2,2.545113017433704
Train,0,2.642908945278825
Train,3,2.6039751090495957
Train,4,2.7692430955135507
Train,3,2.7062384579543295
Train,0,2.57267160673083
Train,0,2.581572250720953
Train,4,2.7158900372747183
Train,3,2.7009425044252824
Train,2,2.7039256596003014
Train,2,2.6200626368019586
Train,6,2.68702933137071
Train,1,2.6795895890162016
Train,3,2.688885406526984
Train,3,2.7063196660801343
Train,2,2.6988527681283774
Train,6,2.672751385720121
Train,1,2.6983228592852235
Train,4,2.673513343725802
Train,3,2.7203821166401756
Train,6,2.659628789232165
Train,4,2.6895523356962987
Train,2,2.6121552902696186
Train,1,2.5755584546696015
Train,2,2.7053901731512098
Train,2,2.6518582284626633
Train,1,2.743045223665162
Train,3,2.5816724869366627
Train,2,2.6788016418895015
Train,2,2.6749381165958166
Train,2,2.7227685889349136
Train,0,2.656229993727466
Train,6,2.697267913146646
Train,0,2.6250943419111468
Train,6,2.637074342842611
Train,3,2.732239002785189
Train,5,2.7974207628009626
Train,3,2.7696635490665096
Train,5,2.7039102613831516
Train,6,2.7278064708672183
Train,0,2.6758562904442185
Train,0,2.612095604779585
Train,4,2.381767808307787
Train,5,2.745361435997332
Train,1,2.6143183853637497
Train,3,2.7647501100102874
Train,6,2.6792562766701473
Train,5,2.717693534452306
Train,2,2.7232855452356035
Train,2,2.7417413803508537
Train,6,2.7170718633176705
Train,4,2.615976829435187
Train,4,2.6945784864047306
Train,6,2.821758109215639
Train,2,2.6753772103210247
Train,6,2.7499857696826275
Train,0,2.6033074893578196
Train,1,2.654450906886968
Train,4,2.6174013929922144
Train,1,2.6713192487174116
Train,3,2.493317746324807
Train,3,2.7036453057125835
Train,5,2.7079397609219478
Train,0,2.7462257289203036
Train,6,2.665049005937118
Train,1,2.6280787981887035
Train,1,2.64510895242443
Train,4,2.7783863836635003
Train,4,2.736859751589392
Train,0,2.556191429369271
Train,6,2.7345742273980393
Train,4,2.697982452656242
Train,3,2.678659418741334
Train,0,2.6177622717825697
Train,2,2.670225225102139
Train,3,2.8081535034137897
Train,3,2.6730729850422414
Train,0,2.707146060080284
Train,1,2.712570320013163
Train,0,2.596439863308329
Train,1,2.7248772839769986
Train,0,2.5933208275994657
Train,6,2.6514291220815744
Train,3,2.7536287432172104
Train,5,2.663242177471265
Train,1,2.6326493819920427
Train,0,2.627557425123945
Train,5,2.673298780030328
Train,2,2.667441345168762
Train,1,2.692516124599367
Train,5,2.7205127012810904
Train,4,2.731580020551096
Train,2,2.6143291612861685
Train,4,2.671297188110467
Train,2,2.7027346849330547
Train,0,2.716250993859764
Train,4,2.787375506646701
Train,1,2.7474798395450706
Train,1,2.6740935627164886
Train,4,2.7534507052528947
Train,1,2.6631044802105235
Train,6,2.7635424799358925
Train,2,2.602609692047819
Train,4,2.6896910648879917
Train,0,2.6710334975502024
Train,6,2.682249915143076
Train,4,2.670463346750775
Train,1,2.60028623898576
Train,4,2.6644721920917402
Train,4,2.675507662329429
Train,1,2.5669520725613313
Train,5,2.703415520884688
Train,5,2.6609018320770543
Train,0,2.4048466656069176
Train,2,2.7314309509857573
Train,2,2.72707449332812
Train,1,2.639514172504444
Train,2,2.714688254470727
Train,2,2.6337475725505435
Train,0,2.6257614102644737
Train,2,2.708865325125421
Train,5,2.7256368534784587
Train,3,2.72521114232258
Train,2,2.6898510302442253
Train,0,2.3770413213005472
Train,1,2.6562025386049464
Train,1,2.759134507788554
Train,5,2.682311526600876
Train,0,2.6781595579129873
Train,5,2.591002382320387
Train,1,2.67179670511988
Train,3,2.7021197586688093
Train,3,2.7104366891723295
Train,3,2.736743500134216
Train,5,2.6892959420862583
Train,1,2.677874567133385
Train,3,2.6268303732381693
Train,4,2.712875877368272
Train,1,2.7027374609989816
Train,5,2.6767015330126456
Train,6,2.8389540435162015
Train,1,2.665117244908833
Train,2,2.72022798185012
Train,2,2.7243411023487623
Train,2,2.566308633582813
Train,3,2.6461252367100245
Train,6,2.8121924447317803
Train,3,2.647604339394359
Train,0,2.7625542266934775
Train,1,2.611426144389434
Train,1,2.666456457419425
Train,3,2.6956130976098667
Train,0,2.6954089229691482
Train,1,2.6494918387938267
Train,0,2.6216067406613637
Train,0,2.6063142326603184
Train,1,2.777954516713273
Train,4,2.6856487164201264
Train,1,2.602367569837666
Train,1,2.708305332835165
Train,1,2.703583735944781
Train,1,2.6327434690487825
Train,5,2.5703798161162608
Train,3,2.692482387100309
Train,2,2.5529168636555695
Train,5,2.724338493087765
Train,3,2.6746579231364587
Train,3,2.725939953787472
Train,1,2.4894597589601233
Train,1,2.6661408536450306
Train,0,2.65152290306583
Train,2,2.6545767277385517
Train,0,2.6543898227946134
Train,3,2.727129512980209
Train,3,2.6784443623170104
Train,0,2.6186632894227277
Train,0,2.549101975237934
Train,3,2.6625437172523867
Train,0,2.549433897088092
Train,5,2.751675968858685
Train,3,2.6658903832913943
Train,3,2.5812868795175206
Train,1,2.648102715204783
Train,6,2.649509102945313
Train,1,2.6728811528963825
Train,5,2.6031122491497634
Train,2,2.6378732281094894
Train,1,2.707098753861167
Train,0,2.612866387935767
Train,5,2.7094994911801633
Train,3,2.7586007214856054
Train,1,2.594096674889209
Train,4,2.702743824810663
Train,0,2.657204439169545
Train,1,2.6029283951638327
Train,2,2.7007030873058513
Train,5,2.731745454363451
Train,2,2.7222480248511585
Train,0,2.607561156249679
Train,3,2.542528788777534
Train,1,2.679828747623056
Train,1,2.7006900199978965
Train,1,2.564466599001168
Train,0,2.713956525123935
Train,1,2.751484034147964
Train,2,2.6481327219326687
Train,2,2.5269513776924284
Train,2,2.6486477918968654
Train,2,2.612073156804738
Train,4,2.5577070216006343
Train,0,2.6474468403820555
Train,6,2.7035458904950866
Train,2,2.640023673336343
Train,1,2.6335591153489784
Train,4,2.6260011426368295
Train,2,2.691455882613817
Train,1,2.678550156723601
Train,6,2.7770603985126403
Train,4,2.667431757300006
Train,5,2.6839272476284752
Train,6,2.7061131868472494
Train,3,2.768809461937938
Train,1,2.737622573885611
Train,6,2.7335911722642345
Train,5,2.643904650403928
Train,2,2.471597180533653
Train,4,2.685853624961767
Train,5,2.719080256132821
Train,4,2.7063393261141924
Train,2,2.653209413092254
Train,0,2.5439281217711227
Train,5,2.7520407837315815
Train,1,2.693774660004004
Train,1,2.5639856262929728
Train,4,2.7181497707427793
Train,4,2.69582026914423
Train,4,2.757785794897243
Train,3,2.6664162347279734
Train,4,2.819829645076373
Train,3,2.705569609871505
Train,2,2.6908385832684996
Train,2,2.7390779384047397
Train,2,2.599300503967643
Train,5,2.756729093242134
Train,2,2.5950638610580965
Train,2,2.661746571297057
Train,3,2.7228137249559126
Train,4,2.7231566593314938
Train,5,2.6716433578827945
Train,3,2.7316111057470165
Train,3,2.727082122435741
Train,6,2.7533489716248143
Train,5,2.702800415870281
Train,2,2.6116872115011263
Train,5,2.800470918697526
Train,0,2.5929383358125735
Train,1,2.648797594736897
Train,4,2.6411243895147156
Train,0,2.665820451830647
Train,2,2.7026660115283594
Train,1,2.5899567045494147
Train,6,2.7329088881092582
Train,4,2.738809693996469
Train,1,2.641468121629846
Train,1,2.663302984902017
Train,4,2.7639639687772823
Train,1,2.661378514135743
Train,4,2.727541304822088
Train,0,2.565389297862481
Train,5,2.725402077739973
Train,5,2.705358918970392
Train,2,2.5942379538937246
Train,3,2.7085095683440272
Train,0,2.680849611931594
Train,3,2.7665635707824148
Train,6,2.7264898363064476
Train,0,2.6798295159160705
Train,2,2.6840600297331356
Train,0,2.5919971660821726
Train,6,2.6134349688207434
Train,5,2.6379888571324197
Train,2,2.6529886396559927
Train,4,2.7207283804556313
Train,6,2.7142231293164825
Train,3,2.70275083759875
Train,4,2.7427017888661016
Train,6,2.7272445687286235
Train,2,2.560788638410274
Train,2,2.719405839607943
Train,6,2.739803480408751
Train,1,2.6785418784780664
Train,1,2.700662958372504
Train,1,2.6418984916669728
Train,6,2.735344191793774
Train,0,2.5477482751076526
Train,1,2.7476734366722364
Train,0,2.585884202052161
Train,2,2.7062116658740467
Train,1,2.6356742009403353
Train,0,2.568176756400322
Train,4,2.6835661181952033
Train,5,2.603731661455693
Train,2,2.719362684713227
Train,2,2.6787041920650045
Train,2,2.63851974525988
Train,0,2.616575273712414
Train,0,2.4413213913781444
Train,1,2.7091967180799355
Train,2,2.639062019885767
Train,0,2.6440966932585344
Train,4,2.6151188439002317
Train,2,2.6843048760073422
Train,5,2.748521749374531
Train,0,2.6132349481244903
Train,5,2.6257860320996933
Train,4,2.718195189435607
Train,1,2.6653081135844365
Train,1,2.733845225580824
Train,3,2.646335593355381
Train,6,2.6596313352295993
Train,1,2.438884939094009
Train,5,2.5566293185176985
Train,3,2.6963788850259727
Train,4,2.7517307971460316
Train,2,2.692509913977497
Train,3,2.681873447399502
Train,4,2.674583897893246
Train,4,2.75694026852685
Train,1,2.5376076339597957
Train,5,2.7621485612971974
Train,2,2.6668941506337682
Train,5,2.7803867439519205
Train,0,2.588819930756989
Train,5,2.7255763374271544
Train,1,2.634261812176845
Train,5,2.675271151661734
Train,4,2.6524615441285193
Train,4,2.6765365333920563
Train,1,2.6488051640441688
Train,6,2.7991910733366336
Train,4,2.62716982426535
Train,0,2.5650405973871644
Train,1,2.6082244489892945
Train,2,2.7497030850536857
Train,1,2.6344298695073722
Train,1,2.739269126918206
Train,2,2.666173564936243
Train,2,2.634494927175285
Train,2,2.6603875689957204
Train,3,2.652377238153124
Train,2,2.7421555242001237
Train,1,2.680330535413144
Train,1,2.8267382968374433
Train,2,2.6198747677737644
Train,3,2.6236173396463762
Train,2,2.705405127272659
Train,2,2.6538717768140527
Train,3,2.6165947880636833
Train,3,2.6041107633518443
Train,1,2.702576936727218
Train,1,2.667356548588339
Train,5,2.606107515966346
Train,6,2.8290900053419024
Train,3,2.7063937019389344
Train,4,2.763603917147173
Train,4,2.643104229023468
Train,3,2.6175016211372006
Train,0,2.6358080252200904
Train,2,2.624500975121637
Train,4,2.7121750214727642
Train,6,2.5762463226396015
Train,4,2.6743024319284183
Train,2,2.7391553888944653
Train,1,2.7158938601577454
Train,0,2.618004717743554
Train,2,2.664525351140233
Train,0,2.6150966982191606
Train,4,2.7648865806617184
Train,6,2.5793473760906
Train,3,2.7461131609596934
Train,0,2.4859514071085154
Train,2,2.717768491155461
Train,3,2.7154401000581085
Train,0,2.6344532931027826
Train,4,2.67967522902729
Train,0,2.6225721832946483
Train,1,2.653937614937683
Train,3,2.570734384519803
Train,4,2.772304695216709
Train,2,2.610038452429174
Train,5,2.723658871607805
Train,6,2.65861491146165
Train,0,2.6329183683026685
Train,6,2.699147489912987
Train,0,2.482349984197786
Train,2,2.6739774156073524
Train,2,2.738619450381434
Train,0,2.59697664618945
Train,0,2.5880699330186743
Train,3,2.630671980871709
Train,2,2.6333617139203884
Train,0,2.696090873379421
Train,2,2.7051424561213953
Train,5,2.6853428075038916
Train,1,2.62982829222164
Train,5,2.7096853262938168
Train,6,2.5738742176969907
Train,5,2.6820045391429086
Train,2,2.720370534141287
Train,2,2.5824919710161227
Train,0,2.7759580311909646
Train,0,2.6858729019391814
Train,4,2.667103848145175
Train,1,2.614580511644929
Train,5,2.5816102703632295
Train,6,2.705889679112766
Train,1,2.594064747025028
Train,1,2.6424188876910404
Train,4,2.7752758189604902
Train,2,2.6518792648607548
Train,1,2.7073277779068956
Train,2,2.6808351816800773
Train,0,2.6043144134603473
Train,2,2.6839051708001564
Train,5,2.7616606584176653
Train,3,2.708028925535564
Train,5,2.6999977817203176
Train,6,2.71717992427453
Train,2,2.731380768226535
Train,3,2.6742228381151802
Train,1,2.6603020594371007
Train,3,2.6337534706434984
Train,2,2.768043503899484
Train,3,2.7467856394233623
Train,3,2.718179385162207
Train,5,2.7386446302532543
Train,3,2.689237454047302
Train,2,2.8024505258455474
Train,2,2.738580286923138
Train,0,2.659217787452283
Train,4,2.6530810171503365
Train,0,2.6315240406227627
Train,3,2.590129946991948
Train,6,2.6521263819349628
Train,6,2.6585018938291523
Train,4,2.6545523777062856
Train,1,2.6947932121808886
Train,0,2.6994117139512817
Train,5,2.7686740446729603
Train,3,2.651524087845104
Train,6,2.6854078485862156
Train,4,2.623762608119264
Train,1,2.751540381996144
Train,3,2.6996055206824785
Train,5,2.6351961793691214
Train,5,2.5948139474492753
Train,0,2.5512349708093423
Train,1,2.758837662164997
Train,4,2.5865576346222787
Train,1,2.5866276467344496
Train,1,2.685296228339074
Train,2,2.575175842272876
Train,2,2.7147683135880487
Train,4,2.779223224934717
Train,2,2.74438003768993
Train,0,2.6375522687170565
Train,4,2.6911284545644616
Train,2,2.7605975520615207
Train,2,2.721854375534999
Train,4,2.7082034112139066
Train,1,2.615028225000766
Train,0,2.6553252789494928
Train,4,2.684767165155402
Train,2,2.6741023972841447
Train,0,2.512585148987656
Train,3,2.6495495296502805
Train,2,2.6487995313387813
Train,0,2.5417379017596833
Train,2,2.7475738077168286
Train,0,2.7689365785795728
Train,1,2.6287220874061408
Train,2,2.7086617299456246
Train,2,2.759501826466024
Train,2,2.676322788359796
Train,4,2.727620939909987
Train,1,2.6999537116862165
Train,5,2.792857147021304
Train,3,2.646885445447179
Train,1,2.6767720497874126
Train,6,2.6974996668633833
Train,6,2.6917131563969803
Train,4,2.582065943075472
Train,4,2.700762235366576
Train,5,2.703201502541977
Train,5,2.729795254235437
Train,0,2.619170654955684
Train,4,2.6384179055026804
Train,3,2.6983564059085534
Train,6,2.677806685010671
Train,6,2.723972803334434
Train,3,2.718881887938727
Train,1,2.607489572732514
Train,5,2.702927817302275
Train,1,2.663564165029687
Train,1,2.700008537803754
Train,0,2.5006753768836205
Train,3,2.7011351932067957
Train,3,2.6523372042347613
Train,2,2.6199206523748564
Train,0,2.6258546214212206
Train,1,2.6820492732760526
Train,5,2.6713567213586265
Train,1,2.6816221611158557
Train,5,2.7535398699438174
Train,3,2.67461384293231
Train,5,2.735663491963554
Train,3,2.6059250521528883
Train,5,2.7591232427772154
Train,3,2.6341039581489953
Train,2,2.6073907991078693
Train,3,2.616739617499968
Train,4,2.717626286370051
Train,4,2.676196701927666
Train,4,2.762040765548261
Train,4,2.7100791753714835
Train,0,2.614933337533454
Train,1,2.700678531879937
Train,5,2.742988228112236
Train,1,2.6626995053373355
Train,1,2.6834971431161376
Train,3,2.6871007960930444
Train,2,2.656640240866542
Train,0,2.6383859520870807
Train,0,2.636843494469973
Train,2,2.739938267037039
Train,1,2.6846549981692065
Train,4,2.6396722228491427
Train,3,2.700172271244879
Train,6,2.703319876795807
Train,2,2.6906269201129294
Train,1,2.625921046310881
Train,1,2.6536164609981183
Train,5,2.7319092764623503
Train,1,2.678074078478667
Train,2,2.7026607669231213
Train,3,2.747995513008022
Train,1,2.7086446111686913
Train,1,2.7129993352460526
Train,1,2.4775791360898496
Train,1,2.656847495639939
Train,4,2.7292048524377037
Train,3,2.7126550045111504
Train,3,2.670339678377992
Train,1,2.65271286235456
Train,6,2.7691672569714694
Train,6,2.7247119994640996
Train,2,2.5800782119195675
Train,2,2.6355381725847655
Train,0,2.698761873220826
Train,0,2.6795972581745193
Train,6,2.65993794464789
Train,0,2.57430466274708
Train,4,2.6053531482742356
Train,5,2.647472936789733
Train,6,2.669164392110962
Train,3,2.755393027200122
Train,1,2.7382838086610413
Train,3,2.7246092731903246
Train,4,2.592867699644923
Train,4,2.6367073559373644
Train,1,2.692307856868103
Train,6,2.7644364743601852
Train,5,2.7285841943192497
Train,2,2.771197412918495
Train,0,2.613500507196574
Train,3,2.669704245640773
Train,4,2.7570139018610376
Train,2,2.738393945771837
Train,4,2.737762538543713
Train,1,2.619019179871697
Train,1,2.645486050197227
Train,0,2.5342161214311942
Train,2,2.7163972251594015
Train,4,2.7281674028405916
Train,1,2.7112242299823914
Train,3,2.5995369239775448
Train,2,2.615986090723995
Train,1,2.7124532172150055
Train,1,2.6890709351466735
Train,1,2.7302464646034807
Train,4,2.6510008894947448
Train,3,2.65785019730547
Train,2,2.6959764966486985
Train,5,2.715009759068725
Train,6,2.7229271099816335
Train,1,2.6720243347730634
Train,0,2.588704943149828
Train,2,2.7342004965262845
Train,3,2.692479551187156
Train,6,2.58512542553186
Train,1,2.7067927376135996
Train,4,2.7397985513153116
Train,3,2.689857135690929
Train,1,2.709747604661098
Train,4,2.613681097354204
Train,4,2.730282679958766
Train,2,2.780317271714446
Train,4,2.654274144187298
Train,1,2.7441871916041265
Train,1,2.655408618346978
Train,1,2.6218618109498752
Train,1,2.7536406180459583
Train,1,2.6240139116527827
Train,2,2.6938705026926546
Train,2,2.6561866924183852
Train,4,2.7123886784408056
Train,4,2.702229852011269
Train,5,2.6765560819365932
Train,1,2.600029241443327
Train,3,2.703604606963992
Train,2,2.7178399510670577
Train,6,2.6732951226955186
Train,1,2.7158989034339163
Train,4,2.6892727568506682
Train,1,2.729355074716531
Train,3,2.5755084445519834
Train,0,2.527503528453605
Train,6,2.727187988259467
Train,4,2.6478096370716986
Train,0,2.448579962917231
Train,0,2.6521059365108544
Train,4,2.7648104354139913
Train,2,2.5827499494317268
Train,4,2.804909117748981
Train,3,2.646884956783495
Train,3,2.716620913407086
Train,5,2.6741429636217457
Train,0,2.742884934477811
Train,4,2.7006922301561773
Train,6,2.8352075001721007
Train,1,2.684425194103771
Train,1,2.712811017513663
Train,3,2.693092103956307
Train,5,2.6484908950891644
Train,0,2.6715725434534936
Train,1,2.6429989085901
Train,4,2.7311739341958003
Train,4,2.7479382893656985
Train,0,2.5621604721215836
Train,5,2.7829620626208578
Train,2,2.6712591579537928
Train,4,2.6607510549418714
Train,1,2.557914627406356
Train,1,2.7587488305762093
Train,5,2.692075797765394
Train,6,2.6289584805241817
Train,0,2.611807639910951
Train,0,2.565576960180658
Train,6,2.8174605596899185
Train,3,2.6774940015318394
Train,6,2.7347850152183093
Train,5,2.715812732449137
Train,4,2.710798767052337
Train,3,2.760135959025951
Train,4,2.606190151081687
Train,3,2.5879394746394193
Train,4,2.778314675514868
Train,5,2.6398216872012856
Train,1,2.6261349506764837
Train,4,2.6239752708590562
Train,5,2.58954925716956
Train,4,2.6700167550195806
Train,4,2.5957668031331185
Train,1,2.668368262879542
Train,4,2.661680274550741
Train,0,2.5559192132481456
Train,3,2.7295846115478763
Train,2,2.7024680939013894
Train,2,2.7404287314040046
Train,0,2.7231904748277067
Train,4,2.7002845899620946
Train,5,2.6612270837121
Train,4,2.6847771065322332
Train,1,2.597237496863095
Train,0,2.5510761655810312
Train,3,2.6688884183356523
Train,2,2.678654428423378
Train,1,2.6706448617498935
Train,4,2.6806362861577107
Train,1,2.726813209155772
Train,3,2.7407950482666688
Train,2,2.676105082524108
Train,6,2.71791047614716
Train,3,2.7373988019960565
Train,3,2.8016378951521053
Train,0,2.525062248386005
Train,5,2.7252715275046966
Train,1,2.616620889918478
Train,4,2.7525026216261064
Train,4,2.663363129854884
Train,2,2.652937980603907
Train,4,2.617436857948
Train,2,2.752377285914925
Train,0,2.4034175786738583
Train,1,2.647697282834362
Train,2,2.757448648641007
Train,1,2.613214868634826
Train,4,2.6617099287568142
Train,6,2.625665371270186
Train,1,2.6339444175257487
Train,6,2.7177533677924672
Train,2,2.7303540998518496
Train,3,2.62862629276774
Train,2,2.706448959628961
Train,3,2.71941586180405
Train,1,2.6832010667233073
Train,3,2.631892039919366
Train,3,2.682062980694494
Train,3,2.750480891544183
Train,5,2.6963983978384864
Train,6,2.722019073577318
Train,3,2.6880355062316053
Train,3,2.759699068828141
Train,3,2.5690345400300236
Train,6,2.7512523082065745
Train,6,2.664467171095937
Train,1,2.711846431862325
Train,2,2.58528287914272
Train,5,2.7471259430967647
Train,1,2.679497903820949
Train,3,2.699851964301423
Train,5,2.775160432255295
Train,4,2.6760578926105065
Train,4,2.7272788927289526
Train,6,2.596607102071159
Train,1,2.6874719820731916
Train,0,2.617649347608486
Train,5,2.7601872900821522
Train,3,2.7302509620383866
Train,1,2.611658565950914
Train,6,2.7374710548408894
Train,1,2.7012042376246073
Train,1,2.734858749145335
Train,1,2.5897131148799075
Train,6,2.676515071527808
Train,1,2.6984014959094544
Train,0,2.7015109367736376
Train,5,2.6823881156914013
Train,2,2.6555387285137124
Train,2,2.753378438562659
Train,2,2.7249155650586863
Train,3,2.6342664636802953
Train,5,2.6628831213325275
Train,3,2.678763673548062
Train,6,2.693433621593205
Train,4,2.719607003241667
Train,6,2.7135737078064106
Train,1,2.680358358244264
Train,1,2.6482734635567913
Train,6,2.797836409310903
Train,1,2.7337289081818357
Train,5,2.711449892749276
Train,5,2.7174772479491787
Train,4,2.740560953419867
Train,1,2.5753492347639213
Train,2,2.7209230948046876
Train,3,2.689233402369815
Train,1,2.7481384896802434
Train,6,2.6803789946913246
Train,1,2.5762356420872043
Train,2,2.7581938933076593
Train,4,2.628709338392611
Train,0,2.5600804402801476
Train,5,2.6364575909227392
Train,4,2.706850555231231
Train,0,2.6509194788119332
Train,2,2.7133239883648708
Train,0,2.549806033910855
Train,1,2.6895253293040993
Train,3,2.6629802944464505
Train,2,2.679552692435617
Train,2,2.6551067679133733
Train,3,2.6341861576844496
Train,0,2.6633894221683807
Train,2,2.709968589515609
Train,2,2.765434456107772
Train,1,2.677793540665631
Train,1,2.63236500307978
Train,2,2.6193272932781717
Train,0,2.6630138195685573
Train,5,2.641430051363131
Train,4,2.7102876421570743
Train,3,2.790162153690912
Train,5,2.7114754054703663
Train,3,2.782474256718193
Train,3,2.7766591606865685
Train,3,2.593080984466585
Train,0,2.6403929856430803
Train,2,2.6917492094511153
Train,0,2.680235417649685
Train,5,2.666776903791266
Train,4,2.7188400263979458
Train,1,2.64354460906129
Train,1,2.6215239057686133
Train,1,2.4554225125015687
Train,0,2.7260859137352362
Train,5,2.724639408655217
Train,4,2.6060091145587747
Train,2,2.733956866955022
Train,4,2.7695013917189213
Train,5,2.6569106415057293
Train,5,2.7487664059192216
Train,3,2.777916189343844
Train,3,2.658482087806423
Train,6,2.7602201112625435
Train,1,2.5577455768310733
Train,3,2.6443236875621556
Train,2,2.7093946340723662
Train,2,2.713227576771887
Train,1,2.61606481611286
Train,5,2.6495907793431273
Train,3,2.635487144675177
Train,3,2.6462842580879995
Train,2,2.5778387504927527
Train,4,2.69552267368765
Train,2,2.555178287957355
Train,4,2.7316642964013402
Train,1,2.587739275922033
Train,0,2.595531433236354
Train,1,2.6935553196327113
Train,2,2.73433599671709
Train,0,2.6257853945179503
Train,2,2.5460221411730153
Train,6,2.7265925228281342
Train,1,2.7126303100779072
Train,2,2.6227148984443427
Train,0,2.6302267666511954
Train,4,2.7365958985505086
Train,4,2.6298523385064563
Train,2,2.6457025536999312
Train,1,2.5326747405177734
Train,1,2.677005409421936
Train,1,2.6962804364970383
Train,2,2.6938120733592568
Train,6,2.690363139873648
Train,2,2.7047450605892585
Train,4,2.6806856331850333
Train,2,2.708972496862728
Train,0,2.6040202662537064
Train,1,2.75052596378546
Train,1,2.6570856721994143
Train,4,2.711352647952866
Train,2,2.658754038915043
Train,3,2.670845965119248
Train,0,2.7048291082286413
Train,1,2.686998535346059
Train,4,2.7361682688381164
Train,2,2.6889009371197
Train,1,2.722706659217435
Train,3,2.769400964688625
Train,1,2.6394530917903514
Train,2,2.6757133789279393
Train,0,2.5765562074619535
Train,0,2.7467077488357874
Train,2,2.6660596440972735
Train,3,2.7104008607785444
Train,1,2.692049548668402
Train,2,2.684368029301977
Train,3,2.6775885594004567
Train,6,2.7596067434603784
Train,2,2.6442326289931217
Train,2,2.815182329739344
Train,1,2.6801887487488183
Train,6,2.779311779422209
Train,0,2.6312164329950725
Train,3,2.66246360798393
Train,5,2.766164576915506
Train,6,2.7476252688206717
Train,2,2.6689037170707484
Train,6,2.67682319522241
Train,5,2.6602539724031855
Train,4,2.6364314426648594
Train,3,2.6953305414171314
Train,0,2.6255362161673723
Train,1,2.582379676892613
Train,3,2.730162125244311
Train,4,2.697792903772018
Train,0,2.6396918346588607
Train,4,2.7264384948246887
Train,0,2.581829396010422
Train,2,2.702993413178495
Train,5,2.615899855208125
Train,6,2.733859699392276
Train,0,2.5719733162442084
Train,3,2.585561395386427
Train,2,2.7205245307199415
Train,4,2.6336889448910052
Train,3,2.7398273334260277
Train,5,2.6251043304393282
Train,1,2.6874379099546433
Train,1,2.6880644681699795
Train,4,2.7402417639716345
Train,6,2.72204411001798
Train,2,2.6964526346546758
Train,1,2.696129746246289
Train,5,2.5684640018394025
Train,1,2.6962984024799335
Train,2,2.548849749773975
Train,3,2.6613672466558955
Train,6,2.7302903658921243
Train,3,2.634090448385432
Train,6,2.652732286064551
Train,1,2.7124331904506325
Train,6,2.6714722070913877
Train,4,2.671072478373675
Train,4,2.6892618142805262
Train,4,2.6440827148590205
Train,1,2.730648423836828
Train,6,2.723044450647332
Train,2,2.686908543896412
Train,2,2.560750635079577
Train,1,2.564279383032815
Train,4,2.674138276775866
Train,4,2.7623600089841363
Train,2,2.658962816431601
Train,6,2.6578505144642097
Train,0,2.5737094727070997
Train,2,2.6022932040954543
Train,1,2.77298470897057
Train,5,2.727545552892217
Train,0,2.549135194770972
Train,3,2.709679646259194
Train,1,2.5753553889796645
Train,0,2.5806581306617544
Train,0,2.538149897374632
Train,2,2.696787703170544
Train,2,2.62036167393406
Train,2,2.704350414008092
Train,3,2.666167227533965
Train,2,2.6863907788058397
Train,5,2.6951325356290967
Train,3,2.5967874740522596
Train,4,2.672146791942584
Train,0,2.690345449738867
Train,2,2.7152472988074776
Train,3,2.6033522560215463
Train,0,2.73770635609422
Train,1,2.5167730645556436
Train,2,2.6009689006130765
Train,2,2.6039577730558774
Train,1,2.756014019746671
Train,6,2.8460971336530423
Train,3,2.678465651449975
Train,2,2.698798535397659
Train,4,2.5935662011084566
Train,5,2.7526469884863203
Train,2,2.706692730253144
Train,3,2.624981852407394
Train,4,2.7622939501979302
Train,0,2.597926472051816
Train,0,2.6048602299822483
Train,2,2.603264052107597
Train,1,2.5492311915119372
Train,3,2.754804729868171
Train,6,2.7141934986944922
Train,3,2.5595253381884033
Train,6,2.798835310369634
Train,2,2.752874491223308
Train,3,2.5497193919681003
Train,3,2.60361829539668
Train,6,2.636020171948206
Train,2,2.5865063720741985
Train,2,2.6735530023213103
Train,4,2.7086934529123847
Train,3,2.642839049999812
Train,2,2.6455239900987366
Train,1,2.5701226424638763
Train,1,2.721973846998708
Train,1,2.64892617560052
Train,6,2.59770843646283
Train,3,2.7107317684875873
Train,2,2.7475603801719295
Train,4,2.645995042157156
Train,3,2.5922052369270916
Train,3,2.6439139389774913
Train,2,2.628845597784807
Train,5,2.6817887395737254
Train,1,2.743104905104429
Train,6,2.7031723172580193
Train,2,2.595813631749278
Train,1,2.673163013327867
Train,4,2.6694350338210056
Train,0,2.6617786642359333
Train,4,2.6414104957804487
Train,0,2.6369215687464793
Train,2,2.64429270200588
Train,5,2.5268223748677716
Train,6,2.6732879016930213
Train,5,2.716476741500083
Train,3,2.684079412891974
Train,2,2.640510830481812
Train,1,2.6335753676814138
Train,2,2.6362289218909467
Train,2,2.631742904092901
Train,0,2.670116981098447
Train,4,2.7782876606038127
Train,3,2.608856785604759
Train,5,2.676890105900104
Train,4,2.7594795881299428
Train,1,2.6698331735585175
Train,3,2.7683434541932495
Train,1,2.6711715111880494
Train,3,2.631663489978449
Train,0,2.6679409387235773
Train,1,2.7755191588427772
Train,3,2.6180335112492346
Train,2,2.7196903936667978
Train,6,2.8213379656909234
Train,3,2.756666057637144
Train,3,2.5872018273879296
Train,3,2.6325913410856265
Train,6,2.6672244063447987
Train,2,2.6591217169147128
Train,2,2.6280665432040053
Train,4,2.720350821285681
Train,3,2.712366563408507
Train,1,2.7039558046156573
Train,1,2.6541757451086934
Train,2,2.6990280684629315
Train,6,2.712570982620035
Train,3,2.4507681568055206
Train,1,2.667649760434813
Train,4,2.678405909852496
Train,1,2.6784662958422927
Train,3,2.6473262853044544
Train,0,2.6603782191764695
Train,3,2.6637693195776055
Train,1,2.7436163239537854
Train,4,2.687086712151855
Train,5,2.701671893247081
Train,3,2.6878866685291216
Train,4,2.7570792154687562
Train,3,2.6770624395862415
Train,4,2.6403400391965466
Train,1,2.6504673604343907
Train,3,2.7885178066019125
Train,2,2.5867719431906266
Train,1,2.5112274107552808
Train,6,2.7334187316448464
Train,2,2.5719860863919517
Train,3,2.631584818483252
Train,6,2.6357823566820286
Train,4,2.763201499961746
Train,1,2.6346155783317293
Train,3,2.7165087312721514
Train,1,2.6859725335484876
Train,2,2.717947223894409
Train,1,2.6152578866788043
Train,3,2.707926482770008
Train,3,2.718030688368985
Train,2,2.6994375413688623
Train,4,2.815526785463892
Train,2,2.635266814545542
Train,4,2.7327647759348532
Train,0,2.6148160383832146
Train,6,2.7215726649064673
Train,2,2.6814001140968755
Train,6,2.738382848041829
Train,2,2.723148903715144
Train,6,2.753272820030185
Train,5,2.558331027135754
Train,6,2.762521548344795
Train,0,2.655003891443114
Train,0,2.5048173811820376
Train,3,2.689810610006727
Train,6,2.6900676549401936
Train,5,2.608544623983546
Train,4,2.7398932422824283
Train,5,2.666709729620011
Train,4,2.6680719742902244
Train,2,2.6726177087490726
Train,1,2.558062565363931
Train,3,2.7457732933717813
Train,0,2.6276216944238424
Train,1,2.730463598004864
Train,1,2.7113156245462076
Train,4,2.739327731637232
Train,1,2.6082477086114064
Train,1,2.5740116096444687
Train,1,2.7303099345566535
Train,3,2.569788973601864
Train,1,2.72891473713149
Train,1,2.5012187436013225
Train,3,2.742972222588742
Train,3,2.6496058799897524
Train,1,2.6469628912555145
Train,1,2.6270183576712576
Train,1,2.7420319811288407
Train,4,2.709028188222511
Train,2,2.73067420296746
Train,6,2.685402452466016
Train,4,2.5495630329917707
Train,4,2.6533552577194053
Train,2,2.7154487919639774
Train,3,2.7665605927512713
Train,2,2.6238469776731863
Train,4,2.738036150203645
Train,5,2.733747685854929
Train,5,2.67156755724913
Train,3,2.782922632618498
Train,1,2.7308722700896793
Train,1,2.5561050288897644
Train,5,2.719889078895309
Train,2,2.670015974672398
Train,0,2.7737712640078205
Train,5,2.663973300899587
Train,3,2.658640751373407
Train,3,2.6994398945777855
Train,0,2.620829113872043
Train,1,2.659133575358126
Train,0,2.6128473442992193
Train,1,2.703665397720022
Train,2,2.71173819489719
Train,2,2.6939251056886473
Train,3,2.622306904925594
Train,5,2.7577637271842748
Train,1,2.724921443959922
Train,3,2.64171215041734
Train,2,2.601988533189949
Train,0,2.551829548768284
Train,2,2.759795464039609
Train,3,2.670242663028985
Train,4,2.5800153707557776
Train,1,2.794563404608571
Train,1,2.6317453322815516
Train,6,2.6348540703505243
Train,2,2.5805125600643466
Train,2,2.537330126234475
Train,3,2.7770454821765096
Train,2,2.655678544969725
Train,2,2.6699422313177554
Train,3,2.5388136935637005
Train,6,2.639295622198547
Train,1,2.686754185128771
Train,4,2.7909880555691897
Train,6,2.736430318107896
Train,3,2.6758662775482054
Train,0,2.59013726117889
Train,1,2.7041705376191967
Train,4,2.7054467477487445
Train,4,2.6542103710673253
Train,3,2.775490451165754
Train,6,2.6957216098987895
Train,0,2.7275038673941743
Train,1,2.6557294574477885
Train,3,2.680628827576079
Train,2,2.6226013833692536
Train,3,2.341578308875461
Train,3,2.69647752218536
Train,0,2.505747205216008
Train,5,2.6562448851710116
Train,3,2.6524910159338777
Train,4,2.728503871978244
Train,3,2.730932328513076
Train,3,2.729622314225462
Train,6,2.5643796649374377
Train,2,2.7134646583930295
Train,3,2.65299469341499
Train,2,2.5607059914659307
Train,6,2.780059224166601
Train,0,2.715738078693447
Train,2,2.7620730418717425
Train,3,2.7049018514417584
Train,6,2.749268375768166
Train,1,2.639094239858458
Train,5,2.716819433923721
Train,6,2.717374362937688
Train,2,2.726216689331862
Train,4,2.7566987009637
Train,1,2.601499619969656
Train,2,2.7382802858466446
Train,3,2.7204215455917033
Train,2,2.7418566729570357
Train,2,2.7255852635717206
Train,0,2.722542967547489
Train,2,2.712539340388526
Train,5,2.7648583249927454
Train,1,2.730835235086677
Train,1,2.7047821142667434
Train,6,2.656847247824018
Train,5,2.6787607094221664
Train,5,2.850574345092286
Train,2,2.6172821388158796
Train,0,2.6967039052209185
Train,3,2.749285799935313
Train,6,2.5941613553140273
Train,5,2.7300472081663547
Train,4,2.677608251389535
Train,0,2.7241938948921605
Train,2,2.7205956033968106
Train,6,2.6731962009214665
Train,3,2.703049399188337
Train,5,2.5621518938137884
Train,1,2.6691977007710235
Train,3,2.649432575380723
Train,3,2.7732410273134867
Train,5,2.6999487210010362
Train,2,2.645495499546972
Train,2,2.5718899490674625
Train,4,2.713775054283268
Train,0,2.6764254991651337
Train,0,2.7074466211697934
Train,3,2.6391071659346563
Train,2,2.7469425484906806
Train,1,2.704563074189062
Train,0,2.5799150604052206
Train,3,2.6735825808001126
Train,4,2.677020653168955
Train,1,2.5992944968084872
Train,2,2.649275476936615
Train,5,2.622931389007206
Train,2,2.6950015262772875
Train,2,2.6678684099190133
Train,2,2.5581122829319303
Train,0,2.608291303576595
Train,3,2.692202256595548
Train,3,2.6864585509848093
Train,2,2.7103133897613043
Train,1,2.6099048974798564
Train,1,2.730386567640248
Train,3,2.766239184551693
Train,3,2.6342738973015516
Train,1,2.6600271366259016
Train,3,2.6270100811619144
Train,2,2.7374216037865335
Train,1,2.686838216089382
Train,1,2.7159078852018665
Train,1,2.5201707012084698
Train,2,2.5768884074801677
Train,1,2.6747174220848833
Train,2,2.715607044612072
Train,2,2.775609678946288
Train,3,2.750487997207455
Train,2,2.6685831091857124
Train,4,2.594170649806332
Train,0,2.5631101195154677
Train,2,2.6966473619474822
Train,3,2.7003518720413204
Train,1,2.7156136069746126
Train,1,2.618454708299303
Train,6,2.7582506873209436
Train,0,2.706624835269423
Train,1,2.616165456509506
Train,1,2.6179890731510005
Train,1,2.6091736136348938
Train,1,2.683905769279694
Train,1,2.581166880553167
Train,1,2.6580427666246833
Train,2,2.7214741131337052
Train,2,2.6603680831111927
Train,6,2.7051068497170854
Train,1,2.649528544317815
Train,3,2.6483955988849925
Train,0,2.7052998983992915
Train,5,2.6469746636139444
Train,1,2.5566476270222056
Train,1,2.717418465189587
Train,3,2.717363631778657
Train,5,2.7778849783613815
Train,1,2.6807823692663884
Train,5,2.6031254614754125
Train,2,2.721350853748626
Train,4,2.6522879645437736
Train,1,2.576110245638542
Train,0,2.666195750582328
Train,4,2.6292737246047477
Train,4,2.7624699314099477
Train,2,2.7418413793096783
Train,5,2.706484528182829
Train,0,2.786397833770809
Train,0,2.7197225876558533
Train,1,2.6378906303713983
Train,3,2.638625661549443
Train,1,2.633244891585684
Train,5,2.6658190930771646
Train,5,2.700994427816563
Train,6,2.7153602936048107
Train,2,2.728348429143266
Train,6,2.8053361096351286
Train,3,2.6471094857077038
Train,1,2.7271037752907743
Train,6,2.786084925617212
Train,1,2.673961219202161
Train,2,2.6886132651156247
Train,5,2.6883099970684152
Train,3,2.5702106719402633
Train,0,2.598901513093612
Train,1,2.629864376666699
Train,4,2.6475704686965815
Train,4,2.6698659137837395
Train,1,2.645133504522337
Train,2,2.661872452109831
Train,3,2.680259741401736
Train,4,2.6502426081928814
Train,1,2.6341403739574516
Train,0,2.6193062452727838
Train,1,2.486074616929709
Train,1,2.6776372987122325
Train,0,2.6470553926938214
Train,4,2.760694392614297
Train,0,2.5787245333645075
Train,0,2.4824786096869524
Train,1,2.6352123007651187
Train,2,2.6699430102426436
Train,2,2.689420903659321
Train,4,2.6397306369855595
Train,2,2.704028732372226
Train,5,2.626723215099961
Train,3,2.5986873667017716
Train,2,2.5728007755898767
Train,0,2.6954205154175286
Train,0,2.69225579733176
Train,2,2.5941995184043014
Train,2,2.7211304372569622
Train,3,2.601782721663008
Train,5,2.678247327907995
Train,3,2.672914420394292
Train,6,2.696946349415135
Train,2,2.612090987806916
Train,6,2.708756787322937
Train,5,2.755343528651437
Train,1,2.6737481318321854
Train,2,2.6872786986245916
Train,2,2.6395676301290663
Train,3,2.71065059019426
Train,6,2.700572495511289
Train,5,2.618837628053521
Train,1,2.556397959163269
Train,0,2.701975270331352
Train,1,2.7064254593196995
Train,1,2.714210961757986
Train,1,2.690117495989974
Train,4,2.693580969572476
Train,0,2.4222103425747346
Train,1,2.619982295242634
Train,5,2.686454277227118
Train,3,2.642502498521608
Train,3,2.702303430647728
Train,1,2.6556132883449908
Train,3,2.548519014413898
Train,0,2.583996229091948
Train,2,2.7306780518222347
Train,2,2.770730939453785
Train,0,2.60821520291142
Train,2,2.6969873885353013
Train,5,2.5859879475193224
Train,5,2.8092778966005194
Train,4,2.759134946591758
Train,1,2.753602608183392
Train,3,2.5606814491161503
Train,3,2.665530219904083
Train,5,2.5560318098688373
Train,6,2.853971006985376
Train,0,2.6793974039771236
Train,3,2.684851475156745
Train,6,2.711052584971247
Train,2,2.7222660662593046
Train,0,2.552859206606288
Train,2,2.6963450140864555
Train,4,2.6585649402786284
Train,6,2.7491819443842704
Train,0,2.7075113123799524
Train,5,2.6875393300204986
Train,4,2.5797811649912616
Train,3,2.7226744929320286
Train,3,2.7266436870978907
Train,2,2.6436993193507816
Train,6,2.732702537024664
Train,1,2.647075992058014
Train,2,2.7491390621596796
Train,6,2.7807426714035444
Train,4,2.7578869742655483
Train,1,2.527157723246469
Train,1,2.7100523179024365
Train,0,2.698655716361822
Train,6,2.7464266413124445
Train,3,2.6374553335692146
Train,4,2.7146864635807835
Train,6,2.685436257812213
Train,3,2.616852864619208
Train,2,2.707770732189707
Train,5,2.6194875366871617
Train,2,2.6819741357069153
Train,4,2.7822734829120166
Train,4,2.7186952198274073
Train,4,2.6856004315055015
Train,2,2.4821894463157146
Train,6,2.765129091812469
Train,3,2.6889204424718867
Train,2,2.7179939485452165
Train,5,2.754095993460245
Train,4,2.7821926258928387
Train,4,2.6009559510712323
Train,6,2.630182960433234
Train,6,2.7324281947152143
Train,6,2.6440752673330947
Train,1,2.6390494495165866
Train,1,2.6799893113252757
Train,2,2.619152344416146
Train,6,2.7656407076529335
Train,4,2.7185330584727607
Train,3,2.649963634150311
Train,2,2.737909103273355
Train,0,2.6201222673388616
Train,3,2.6754433498783077
Train,6,2.68155844176032
Train,2,2.7340285577597303
Train,1,2.642500041283568
Train,3,2.728459060335207
Train,3,2.581945287027845
Train,1,2.773225667861787
Train,4,2.7968229922269785
Train,6,2.769489925476368
Train,5,2.7489780908178982
Train,2,2.745456865613137
Train,4,2.690164225605007
Train,1,2.617726609928434
Train,2,2.7040057810574156
Train,6,2.6878255330846588
Train,1,2.6860469401659226
Train,0,2.6811808922686087
Train,2,2.614261650883238
Train,3,2.798176936146529
Train,1,2.703969811132233
Train,2,2.572070388981865
Train,1,2.630866647211522
Train,0,2.7063755823957725
Train,0,2.5368438891632974
Train,4,2.7084870916456616
Train,0,2.6062395507170124
Train,3,2.608011840704107
Train,2,2.6211570912853492
Train,4,2.745560190153991
Train,4,2.7410973106881062
Train,4,2.6173357028147524
Train,2,2.7689887828369306
Train,5,2.819726471290581
Train,4,2.8175538860466456
Train,4,2.7015959428655822
Train,3,2.7417956774034042
Train,6,2.666079403159722
Train,0,2.710226963783742
Train,2,2.610037840118545
Train,5,2.701785092484873
Train,4,2.604816176424988
Train,0,2.586865276629249
Train,3,2.6775544211226925
Train,1,2.6086727654239046
Train,3,2.6378319457946566
Train,2,2.6385964446973214
Train,2,2.466397954454565
Train,5,2.7324664872644218
Train,4,2.6239603166156202
Train,0,2.6097141087070264
Train,1,2.7020947836167677
Train,1,2.731239698226673
Train,5,2.6676532398417523
Train,1,2.5266392812336407
Train,1,2.5541640026073695
Train,1,2.5946415240331726
Train,1,2.5147107147473418
Train,0,2.6193529320862385
Train,2,2.621649545336478
Train,6,2.8065022011411465
Train,3,2.6210477497649056
Train,3,2.7246709299556438
Train,1,2.6324253453231723
Train,4,2.4995974215098404
Train,6,2.651464554825298
Train,2,2.696035403947615
Train,2,2.745392075182957
Train,1,2.5847337418619163
Train,4,2.7153425307412435
Train,1,2.6870847960670123
Train,4,2.6332603263542405
Train,2,2.659103604162727
Train,2,2.7389455184314486
Train,6,2.7016871488731713
Train,0,2.55644046786581
Train,4,2.702989816588863
Train,2,2.6314636746468874
Train,6,2.7996129039135464
Train,3,2.785238106765227
Train,6,2.718691038740072
Train,3,2.6607148585581974
Train,1,2.6842519494715162
Train,0,2.67321149098282
Train,5,2.763256861777904
Train,0,2.7759002280218787
Train,0,2.5986915567243978
Train,2,2.7561709293917884
Train,3,2.610008945561493
Train,3,2.647139022956084
Train,0,2.6295899163106187
Train,6,2.709583379880422
Train,3,2.7370004965646184
Train,0,2.7215476802038223
Train,2,2.7566601376929207
Train,6,2.7740490256669093
Train,0,2.519966551782566
Train,1,2.645683829860874
Train,3,2.724428510889777
Train,3,2.7038708800312685
Train,2,2.72863276679296
Train,4,2.7186326180122937
Train,1,2.579384953019
Train,1,2.5879862651382166
Train,4,2.74724772386889
Train,3,2.599656739505993
Train,3,2.572151643252423
Train,5,2.686853609318906
Train,1,2.7467651943986358
Train,6,2.811630476304032
Train,5,2.724007926139282
Train,0,2.5132274587451353
Train,4,2.7132105853805526
Train,2,2.648942707342847
Train,3,2.699472111187934
Train,0,2.6011297819658865
Train,1,2.65482807027788
Train,1,2.723656547720284
Train,5,2.7309043384887786
Train,3,2.6999217537259685
Train,2,2.757825254211487
Train,2,2.680287296310636
Train,2,2.75030134429035
Train,4,2.6624220029050565
Train,4,2.5991230165076638
Train,6,2.6470690788687676
Train,6,2.785652306606916
Train,0,2.524816015129986
Train,6,2.7068944689952845
Train,3,2.5959481728549485
Train,5,2.75162450415047
Train,0,2.654039851414619
Train,1,2.6992869063566336
Train,3,2.741599853135757
Train,1,2.741191943209503
Train,2,2.7253442051507513
Train,0,2.6901266840715383
Train,3,2.7165083365877343
Train,1,2.7338926596998943
Train,3,2.7383821781442284
Train,1,2.727570249947598
Train,5,2.7168065522265783
Train,1,2.4656574027139984
Train,1,2.646046206376792
Train,2,2.733652005743478
Train,1,2.6878756346675825
Train,4,2.6274509590558073
Train,4,2.621644476881629
Train,5,2.7188164794931664
Train,2,2.6245085792743383
Train,2,2.725163659020274
Train,2,2.69688894047083
Train,2,2.6097807075448105
Train,2,2.5789956805723193
Train,6,2.6167384880613236
Train,1,2.722829700097408
Train,2,2.8048603929255456
Train,5,2.6959278452760485
Train,3,2.6151769082579737
Train,4,2.607947147530617
Train,0,2.6071626665725454
Train,5,2.5754927605512297
Train,4,2.7088122975628757
Train,1,2.6232197620241253
Train,2,2.7361133915246243
Train,5,2.7570114403596335
Train,1,2.671888245476119
Train,0,2.602892195168189
Train,2,2.5791457050804594
Train,0,2.606997300991826
Train,5,2.6765710609530986
Train,1,2.5044261860330783
Train,1,2.6455462139927977
Train,1,2.634222483330707
Train,2,2.6166145259477362
Train,5,2.727342497163549
Train,6,2.6968710054982794
Train,2,2.7142116152070406
Train,4,2.697364167810768
Train,3,2.740572611347298
Train,4,2.6332554738030263
Train,4,2.7474214986740657
Train,2,2.6928519027140756
Train,4,2.731747167083464
Train,4,2.686210735980603
Train,2,2.654041925627638
Train,6,2.73230120411602
Train,5,2.853943320666746
Train,5,2.7602691505875057
Train,2,2.7576620588215817
Train,4,2.5890889188431414
Train,1,2.6832975129381627
Train,2,2.6568085151089362
Train,0,2.57257202732442
Train,5,2.715897297843336
Train,5,2.584285111645408
Train,3,2.7143173993885465
Train,2,2.692650053109708
Train,4,2.7460633409574142
Train,3,2.626560082823584
Train,5,2.7747215633447855
Train,2,2.7139550447190777
Train,4,2.6370877159928225
Train,2,2.7876407080639725
Train,3,2.7278516541380013
Train,4,2.7279553529511453
Train,3,2.6850201624309067
Train,4,2.705956954145604
Train,5,2.7240600452432244
Train,4,2.6698726777489474
Train,1,2.6441320180662378
Train,3,2.6265279075556203
Train,0,2.5856503283706087
Train,4,2.5959705001649955
Train,3,2.6137092956173746
Train,2,2.6949707161942626
Train,3,2.6997113992047104
Train,5,2.6140035393981167
Train,5,2.7058734908607254
Train,3,2.6756643407649254
Train,0,2.620477469654347
Train,2,2.692125238215871
Train,4,2.6375369175238945
Train,0,2.607441479287273
Train,3,2.7718723277440387
Train,6,2.7347202141671563
Train,6,2.7946102549142364
Train,6,2.6471349127058734
Train,4,2.798135592899274
Train,1,2.6107035068279805
Train,2,2.746417204488765
Train,5,2.7183433016101146
Train,4,2.5688301166080834
Train,3,2.706193961695163
Train,4,2.7947394902692975
Train,4,2.69613596485672
Train,4,2.6574714793345344
Train,1,2.7491353790101662
Train,4,2.5703423815290916
Train,3,2.746127620816752
Train,5,2.8249219375613355
Train,3,2.5025056948352757
Train,0,2.404127133858245
Train,6,2.7126794050646645
Train,0,2.696555442653005
Train,1,2.682453030442852
Train,0,2.678435969479943
Train,1,2.514858659632273
Train,2,2.686115546076327
Train,6,2.6770260195242592
Train,5,2.651948880816249
Train,5,2.7852439756756757
Train,3,2.7012941348640003
Train,1,2.7147541447935155
Train,3,2.6841148178093706
Train,4,2.689823858694219
Train,1,2.7772136018749767
Train,0,2.7130151587355953
Train,1,2.7110523347417375
Train,0,2.6508434154942937
Train,0,2.5675672602077855
Train,1,2.762103906516431
Train,1,2.565970629207488
Train,6,2.6843485821291977
Train,3,2.707687162346846
Train,1,2.703774909934433
Train,2,2.725828971460223
Train,6,2.7782374580357394
Train,4,2.64307744228942
Train,5,2.7530163323553194
Train,2,2.668918233718417
Train,4,2.763255872010701
Train,1,2.704868856045404
Train,4,2.7112714543153835
Train,3,2.640181263354401
Train,6,2.626478929918162
Train,2,2.770079819242899
Train,6,2.6658382557903315
Train,6,2.7070986095192846
Train,2,2.660654460937115
Train,1,2.6396750608455175
Train,6,2.7370593501669065
Train,0,2.6037671075434936
Train,5,2.7086907540823604
Train,4,2.6968306955170105
Train,2,2.747526365114745
Train,4,2.7255086894408564
Train,2,2.668823012234705
Train,1,2.7186507307439514
Train,2,2.5463852728421945
Train,1,2.5611269064915105
Train,4,2.589557700999768
Train,5,2.757882783188179
Train,5,2.8072231471237346
Train,5,2.755038275100382
Train,5,2.7255558710379426
Train,2,2.693098015438799
Train,2,2.5780495611125707
Train,3,2.7181195356005072
Train,3,2.690988045184858
Train,1,2.685112872144292
Train,2,2.652964708256793
Train,0,2.6665144076907707
Train,0,2.6223118999259327
Train,5,2.7217984519763627
Train,2,2.677851892892723
Train,6,2.6724978339548953
Train,1,2.6564401358546075
Train,5,2.767547256087106
Train,3,2.6346994755452204
Train,2,2.5847439621805894
Train,0,2.643805128007228
Train,4,2.5771706944709734
Train,2,2.62930215123709
Train,0,2.5595696907316787
Train,0,2.676034457427152
Train,4,2.733390590243124
Train,0,2.312161457453071
Train,5,2.724672945746513
Train,5,2.6453997540809597
Train,6,2.7038884191824364
Train,4,2.698273832113811
Train,2,2.6546633818848893
Train,3,2.6146567713198694
Train,2,2.6202809719856943
Train,6,2.7860797536533655
Train,3,2.6761871962262216
Train,2,2.693979402516727
Train,4,2.630877611117689
Train,5,2.636553860899667
Train,4,2.6359492605130943
Train,6,2.7232506902007345
Train,1,2.5976216911237686
Train,3,2.5913640149997583
Train,1,2.6998731406666066
Train,2,2.69985036352432
Train,6,2.74652403943489
Train,3,2.6452229138209042
Train,5,2.714371238378129
Train,1,2.6182290904016723
Train,1,2.5872730056825257
Train,2,2.665558095949972
Train,2,2.675181189868476
Train,0,2.6144161564937933
Train,4,2.603551643800246
Train,6,2.6373868020990163
Train,2,2.604102822201789
Train,4,2.7234995685330996
Train,1,2.7593302841848595
Train,3,2.706511287380815
Train,1,2.6850513354443457
Train,2,2.7192961010751207
Train,3,2.7442839441029405
Train,2,2.742031847614225
Train,0,2.6760460878888055
Train,4,2.699355259873301
Train,2,2.5936813626857957
Train,4,2.558462172393206
Train,1,2.6624887808151443
Train,0,2.655047629182389
Train,0,2.8194762278465166
Train,5,2.7478313833841166
Train,3,2.730122693360153
Train,0,2.708074184083636
Train,0,2.538396606397801
Train,2,2.7098204073048437
Train,6,2.630313147560268
Train,5,2.7132969798686246
Train,1,2.7425676623768527
Train,5,2.6643109244455103
Train,2,2.660534840178931
Train,0,2.603759820314207
Train,3,2.6880164833270084
Train,3,2.622344714478592
Train,2,2.649561328482491
Train,0,2.5529233856393634
Train,0,2.52816347498517
Train,0,2.5278970873583044
Train,1,2.6013404086891323
Train,2,2.732739371246219
Train,6,2.6806367416210604
Train,1,2.7063508127244766
Train,0,2.6220859174178064
Train,0,2.6141247566234496
Train,3,2.585110784185315
Train,1,2.7102836841795157
Train,2,2.6303282196427644
Train,3,2.6164762967722335
Train,1,2.665641831724031
Train,5,2.7058231748640043
Train,2,2.73064831217397
Train,1,2.699352662396856
Train,1,2.685843847513483
Train,2,2.7457401370062824
Train,2,2.600200232445238
Train,2,2.693483593343363
Train,2,2.5476716769387124
Train,4,2.6933001215629537
Train,2,2.6573064955868193
Train,3,2.671444682404041
Train,5,2.8185306209392835
Train,1,2.630458221757414
Train,6,2.6666944343939956
Train,5,2.734986487777728
Train,3,2.7258393987104323
Train,2,2.6745384777508137
Train,2,2.6028812501137395
Train,0,2.5262397459289305
Train,2,2.5790070645940055
Train,2,2.69946971255091
Train,1,2.652921266906168
Train,1,2.592599452516569
Train,4,2.704332454296237
Train,0,2.5154422486606594
Train,2,2.6624762542494387
Train,6,2.6575156435646687
Train,4,2.7879603755434257
Train,1,2.66273688807189
Train,3,2.8139573654412016
Train,1,2.741301846360202
Train,0,2.6925226243384
Train,1,2.62471545007019
Train,0,2.6218354265089077
Train,5,2.726603290284964
Train,1,2.6532311138965055
Train,6,2.8342524640240447
Train,1,2.6516350974052996
Train,4,2.758866941171957
Train,1,2.7141186530120844
Train,1,2.6338118455437485
Train,3,2.7012875143344415
Train,4,2.7819876871073927
Train,0,2.608258062990783
Train,3,2.6862451357058803
Train,4,2.791537711012329
Train,0,2.7357405447786682
Train,5,2.7490114597785986
Train,1,2.7332233892533515
Train,6,2.807226121881817
Train,2,2.729789589648985
Train,1,2.675263275570426
Train,0,2.4807040953102106
Train,0,2.768169727221553
Train,4,2.7615550764078733
Train,3,2.6750012571375237
Train,1,2.5985981979814454
Train,1,2.7142556523234433
Train,3,2.5781326115022467
Train,1,2.707895445771905
Train,6,2.715454291204826
Train,6,2.793962182532331
Train,3,2.8271696246126994
Train,3,2.6428606271090347
Train,2,2.681932346912611
Train,1,2.585436825276555
Train,4,2.705685915529969
Train,3,2.7425030169679023
Train,3,2.7188338674501598
Train,3,2.6093673423429404
Train,2,2.7162715909291784
Train,1,2.751268080387064
Train,5,2.7102645287764617
Train,2,2.668484059971232
Train,0,2.6558648830731557
Train,0,2.6114146939190817
Train,1,2.6130811517856602
Train,1,2.6564197352119647
Train,1,2.6642656069377155
Train,5,2.702726260006184
Train,6,2.7772897989505823
Train,3,2.773079369410203
Train,5,2.6675128630923606
Train,2,2.63528807023612
Train,2,2.573306235973165
Train,4,2.6752941638149843
Train,3,2.806054486188496
Train,3,2.6933075017604517
Train,4,2.7305360080460703
Train,0,2.599603253655677
Train,3,2.679980708975955
Train,3,2.6821998545698644
Train,4,2.761771402380824
Train,1,2.573322357819976
Train,4,2.7827446025491276
Train,2,2.588965762670095
Train,4,2.6993531534326145
Train,2,2.6872909296317697
Train,1,2.665071388373313
Train,0,2.6098854572664294
Train,3,2.730589229091565
Train,4,2.708702807555618
Train,5,2.5825828204635597
Train,5,2.7121886105810207
Train,5,2.6803418018778946
Train,4,2.697506654343154
Train,5,2.731527688595849
Train,3,2.6605789024281905
Train,6,2.696283962798091
Train,0,2.683724852605888
Train,4,2.730309722514377
Train,0,2.7117055836805855
Train,2,2.7130308818656124
Train,5,2.710934387463069
Train,6,2.7111419281655587
Train,3,2.621920880341547
Train,4,2.6490055360309346
Train,1,2.715357864374107
Train,2,2.7273931512283314
Train,4,2.668553945786457
Train,2,2.712542386182573
Train,2,2.6783190949046554
Train,1,2.5874021113238523
Train,2,2.680267788103395
Train,2,2.6766101075244246
Train,5,2.764992078444054
Train,2,2.5572937974549914
Train,6,2.74281825801674
Train,1,2.6428796210544645
Train,4,2.556917995875618
Train,1,2.532067702068116
Train,1,2.670701478162645
Train,1,2.64627574788492
Train,3,2.6571995962865578
Train,3,2.6822378461607017
Train,3,2.631920244196879
Train,2,2.667736723403106
Train,1,2.7641194125300093
Train,1,2.6413418228098053
Train,0,2.5776325516896486
Train,4,2.593933590719467
Train,2,2.72180380059249
Train,1,2.6252598284731734
Train,6,2.6601282820457794
Train,5,2.7446115812988654
Train,4,2.813285396073764
Train,3,2.5549434429546625
Train,2,2.636343942965115
Train,1,2.601165792142025
Train,2,2.719646768371474
Train,2,2.5614944440582628
Train,5,2.5605130715799573
Train,1,2.507344634841078
Train,4,2.778632273533024
Train,3,2.6457997890613374
Train,3,2.6270922908667997
Train,2,2.6819126760580314
Train,0,2.620782311741303
Train,4,2.7349253129670945
Train,1,2.7773053755038872
Train,2,2.7053278106184315
Train,2,2.6553873060378606
Train,6,2.754751871319292
Train,3,2.7129119151834264
Train,1,2.630833230763668
Train,0,2.591232462953233
Train,0,2.7207182189126398
Train,3,2.5512380886648955
Train,4,2.6865949841730825
Train,1,2.703960544020668
Train,1,2.604546060813795
Train,3,2.5982716614092123
Train,5,2.702776886833125
Train,0,2.604024220661458
Train,2,2.5767590830146374
Train,2,2.5011083575774196
Train,3,2.6020729490192376
Train,2,2.645590090728997
Train,3,2.4824610557574873
Train,0,2.681722197430223
Train,1,2.692427291314897
Train,4,2.837675766828405
Train,2,2.7718155847720967
Train,4,2.759485008712762
Train,4,2.6656336755671526
Train,4,2.7733345920947245
Train,1,2.7045776966452912
Train,2,2.734303275007877
Train,3,2.693754520830507
Train,4,2.7736444778642317
Train,0,2.6473153063680708
Train,3,2.580613890939963
Train,2,2.6657316529878834
Train,0,2.688939505237308
Train,1,2.7112545787392976
Train,4,2.65076167365176
Train,0,2.54947120097862
Train,2,2.6130371649130315
Train,0,2.681435078446466
Train,2,2.507606954994417
Train,2,2.664596719873607
Train,1,2.680408455555872
Train,3,2.6534696849752777
Train,4,2.716613023070751
Train,5,2.646884436517591
Train,5,2.733856802963702
Train,5,2.610434310418526
Train,1,2.576467597086769
Train,3,2.6087895201705065
Train,1,2.6837533408979657
Train,2,2.7089979658226184
Train,1,2.6360149190671276
Train,0,2.733645602166652
Train,1,2.6734478766260215
Train,4,2.739292663571446
Train,4,2.645801877943254
Train,0,2.650083608644043
Train,1,2.724964728515896
Train,2,2.7240598716551307
Train,0,2.723798204615314
Train,0,2.6557728028521628
Train,3,2.7373730516583006
Train,1,2.6780066073243542
Train,4,2.775586793287884
Train,3,2.625308487625135
Train,2,2.5960077502988
Train,4,2.7041182167871507
Train,4,2.6074525429877604
Train,3,2.7153399652293277
Train,6,2.617129366366655
Train,4,2.7542972180483627
Train,1,2.7256861978484666
Train,4,2.6302575376825725
Train,6,2.72021897257554
Train,5,2.6899015073545844
Train,2,2.7169296124376543
Train,5,2.649802058023565
Train,2,2.6502594731817286
Train,5,2.774596160551984
Train,4,2.663646678106093
Train,1,2.69563442584217
Train,3,2.7218991347622
Train,5,2.7085762275829364
Train,3,2.6794928954798127
Train,0,2.648605186357116
Train,1,2.7135248888390113
Train,2,2.689053290870031
Train,6,2.7521267209048776
Train,6,2.6661083380967647
Train,2,2.6378215164203556
Train,1,2.4623303890862074
Train,3,2.7622249917450183
Train,2,2.607450570003193
Train,1,2.7068619964325817
Train,4,2.640263317294992
Train,6,2.6965118893501456
Train,6,2.6359944828520327
Train,4,2.685185662276246
Train,1,2.7157435659525326
Train,2,2.68847627017193
Train,1,2.571305767085286
Train,2,2.7071140946994543
Train,3,2.7034122242253624
Train,0,2.734276376664409
Train,4,2.7060459149759755
Train,2,2.6294351039695982
Train,0,2.6899037624008724
Train,6,2.6557265377691657
Train,2,2.643046585224594
Train,5,2.602324898104832
Train,2,2.6623692598157773
Train,1,2.599661548127218
Train,0,2.718796523836085
Train,0,2.782861625099597
Train,3,2.7449661177203244
Train,2,2.5850133566759386
Train,4,2.6047734990722824
Train,4,2.734394606365038
Train,4,2.7011774574657568
Train,3,2.7413928980124935
Train,3,2.69950679231344
Train,6,2.665103528333221
Train,3,2.580264944084594
Train,2,2.7521202205047324
Train,2,2.665871909489713
Train,2,2.661118697957263
Train,4,2.816010324593989
Train,0,2.55488359580099
Train,2,2.792505674474669
Train,1,2.724927051999814
Train,5,2.635284417511116
Train,6,2.7697573572325846
Train,3,2.5909713556774925
Train,2,2.660587944913308
Train,4,2.6754726393115216
Train,4,2.72598981080304
Train,2,2.6616409636269323
Train,5,2.6747232648909467
Train,6,2.6622413783493473
Train,0,2.6383594555273997
Train,5,2.760667580848735
Train,3,2.727358638834754
Train,5,2.7029325290598574
Train,0,2.6793765677596406
Train,3,2.7197680195243197
Train,5,2.7066898004631734
Train,0,2.5929839273245716
Train,1,2.7143687833358223
Train,2,2.712386965013299
Train,2,2.6183189933894346
Train,5,2.61798953885206
Train,0,2.584288159856029
Train,5,2.7385127813818593
Train,4,2.735414794923512
Train,5,2.7241764517187312
Train,3,2.659795344088827
Train,5,2.67685744079503
Train,1,2.6567383904549904
Train,0,2.618867205683597
Train,0,2.5458366942385706
Train,2,2.6583520770568496
Train,1,2.5183989988029007
Train,3,2.6823472901665633
Train,4,2.629988994496183
Train,6,2.716471040749927
Train,6,2.758195033082792
Train,6,2.7475504507795443
Train,3,2.729018558953656
Train,2,2.6461374879811306
Train,3,2.676242783893512
Train,2,2.746434320784811
Train,0,2.6358810937114128
Train,2,2.67538106395677
Train,3,2.701305533228995
Train,5,2.5817192850020745
Train,4,2.677528445309867
Train,3,2.781606921341831
Train,2,2.6382049552353073
Train,6,2.7418933926624924
Train,3,2.6917667175709004
Train,4,2.701400185095277
Train,1,2.6004845068920117
Train,3,2.7009521472516385
Train,5,2.720292277404921
Train,2,2.7796593318165304
Train,2,2.7574956675119306
Train,3,2.626334003080235
Train,2,2.690337249742803
Train,4,2.718187689664885
Train,2,2.7124790211949312
Train,2,2.6206760883695632
Train,2,2.667063733701624
Train,0,2.5990167841346947
Train,6,2.697444309354995
Train,1,2.6393369373426854
Train,3,2.792031244541787
Train,0,2.628109558960736
Train,1,2.647977063865736
Train,3,2.753617418519424
Train,0,2.594843288359262
Train,2,2.6440555915800714
Train,5,2.651191650981569
Train,6,2.723877022067482
Train,1,2.701432108142825
Train,0,2.6075333044619673
Train,3,2.7769722862594284
Train,2,2.5813496111514276
Train,4,2.740185278854302
Train,5,2.7070759478751585
Train,5,2.8150218244523124
Train,3,2.716230760440685
Train,1,2.699174926415178
Train,6,2.71255633811704
Train,3,2.6623989021308914
Train,3,2.680684777390754
Train,3,2.6692005012762543
Train,0,2.5985242668139197
Train,1,2.62564713945235
Train,2,2.630921610964181
Train,1,2.6715834694474876
Train,1,2.7281677991858055
Train,6,2.6960243226965934
Train,2,2.693326126621621
Train,6,2.6969652300354285
Train,5,2.84251256644146
Train,2,2.5561317880506
Train,2,2.6436542404383623
Train,2,2.688630257065061
Train,2,2.6479227730839043
Train,3,2.57550537155195
Train,3,2.812742373664356
Train,6,2.750650757323093
Train,1,2.6457477821985953
Train,2,2.6720761834561118
Train,1,2.681625965046686
Train,0,2.608258062990783
Train,2,2.7248135095958577
Train,3,2.6078047990934023
Train,3,2.7260699508026778
Train,1,2.584345092969639
Train,0,2.5430265282648437
Train,1,2.634643534493654
Train,3,2.759387263248147
Train,5,2.6088002525045595
Train,1,2.7321241125253306
Train,4,2.6420865678762913
Train,5,2.7124504028859735
Train,2,2.571625960552601
Train,0,2.5212943338651295
Train,1,2.7322415639688176
Train,5,2.668390158407541
Train,1,2.70607272797574
Train,1,2.6088253312764387
Train,1,2.7234080273164305
Train,2,2.719900259099485
Train,2,2.620062757230477
Train,2,2.700196812110342
Train,5,2.705052935425262
Train,4,2.7084833633347696
Train,4,2.8076649874498356
Train,6,2.638287555422445
Train,1,2.7319575679410364
Train,3,2.6630307952613315
Train,4,2.7181257958114586
Train,2,2.73158332867037
Train,4,2.7564234101685927
Train,3,2.806094950987228
Train,0,2.5031012381594446
Train,2,2.737373964826341
Train,2,2.561292582683963
Train,2,2.733562826084257
Train,1,2.709545864188477
Train,2,2.6590335540256023
Train,3,2.6795610729042125
Train,1,2.6393135550837763
Train,0,2.603400746987922
Train,3,2.5803651394139138
Train,2,2.7040327326543014
Train,2,2.6623061013321427
Train,1,2.6340492659845625
Train,1,2.7090651237103027
Train,2,2.7308427575203766
Train,3,2.724743244804371
Train,3,2.632889198931797
Train,2,2.5491699786536786
Train,1,2.679314650130207
Train,2,2.756280864189327
Train,5,2.7008655491270366
Train,2,2.668624466953326
Train,1,2.7021239689084164
Train,2,2.7294209903047624
Train,4,2.716943282917919
Train,4,2.7966315138747184
Train,4,2.5775115414316287
Train,5,2.612134397825625
Train,1,2.7298316723143485
Train,1,2.624874186194751
Train,1,2.6540849441408834
Train,5,2.626830199421737
Train,2,2.6760488373542346
Train,0,2.574624258504769
Train,1,2.7979072168059753
Train,3,2.601027617507958
Train,3,2.675678389555108
Train,4,2.628511976308589
Train,1,2.645105711976813
Train,2,2.673010422615476
Train,5,2.7342521171382184
Train,3,2.7583756850659755
Train,2,2.7167481170288954
Train,3,2.592508226752191
Train,4,2.736073083333002
Train,1,2.7002602953539925
Train,1,2.7268737435298607
Train,5,2.5952123437695915
Train,4,2.5996884036138375
Train,2,2.7055754486090637
Train,0,2.7239199130027574
Train,1,2.6773382321288643
Train,3,2.508486320898763
Train,6,2.7079882713892185
Train,4,2.7481747807653756
Train,3,2.701527912465388
Train,2,2.6223627160962724
Train,0,2.6844585592184895
Train,6,2.643298495278318
Train,3,2.728924593668824
Train,4,2.611642406573672
Train,1,2.627152106283829
Train,5,2.6938038022027895
Train,3,2.696229449773282
Train,0,2.623416944697935
Train,2,2.6882312846595187
Train,3,2.7422715725208437
Train,5,2.7403505235503367
Train,2,2.696596345745623
Train,3,2.684343860748479
Train,1,2.739687068868595
Train,4,2.5780089071349277
Train,0,2.523294104264066
Train,1,2.66615462017291
Train,4,2.731991459514916
Train,4,2.7151520739080945
Train,3,2.5866436247235094
Train,1,2.733881171004033
Train,5,2.768764134078987
Train,1,2.702920055607567
Train,1,2.653678232504471
Train,5,2.720299704009869
Train,1,2.7370404572807545
Train,1,2.646493642060025
Train,3,2.774894020711691
Train,1,2.7301142777628997
Train,5,2.7461433850693986
Train,2,2.577978073750881
Train,5,2.655992444681329
Train,4,2.742869224003647
Train,5,2.5967104438791937
Train,4,2.6199548579844087
Train,3,2.760881654858255
Train,2,2.7135705874757132
Train,3,2.734375337096482
Train,3,2.782451294268197
Train,4,2.6195074701045065
Train,3,2.518975997149282
Train,2,2.6784320267327515
Train,3,2.579683092078306
Train,0,2.583029901768634
Train,5,2.8248667510859082
Train,6,2.6798436382347592
Train,5,2.750562352951212
Train,1,2.663514903847861
Train,4,2.5827521093172066
Train,1,2.648317710165968
Train,3,2.744976915356273
Train,0,2.681511567418068
Train,6,2.7644905510885662
Train,1,2.66481370584217
Train,0,2.5668638263683516
Train,0,2.561432643624912
Train,2,2.7734736320115787
Train,1,2.6733191872701663
Train,1,2.6619954043343417
Train,2,2.655873876668179
Train,1,2.7715984329431484
Train,2,2.700640212459473
Train,5,2.7271825036413935
Train,4,2.6449205368124367
Train,4,2.7671971279087146
Train,4,2.7543738583136195
Train,2,2.7053038146713457
Train,1,2.749747197577008
Train,1,2.7248621106010877
Train,3,2.7002129211044847
Train,3,2.667620769189664
Train,0,2.622137133269436
Train,6,2.703419587785135
Train,4,2.6978750606265565
Train,1,2.6439003324198485
Train,4,2.6973673636622566
Train,1,2.66104684085843
Train,0,2.3629051411410593
Train,5,2.7728141005427727
Train,0,2.6990596538243157
Train,3,2.725501052579773
Train,3,2.6969844676966535
Train,1,2.685504359555161
Train,3,2.7602936782009415
Train,3,2.7434880564240762
Train,2,2.6733810335737886
Train,3,2.7054490199445236
Train,4,2.641986915478974
Train,2,2.7680404911699075
Train,4,2.7596146666568684
Train,6,2.7361274546774705
Train,3,2.5502193038670105
Train,3,2.666033168429605
Train,6,2.7334880677823232
Train,4,2.7214272924876566
Train,1,2.434365646245258
Train,6,2.7630528011131577
Train,4,2.601541362066811
Train,3,2.692706298330616
Train,0,2.6993557101434242
Train,0,2.611332522896083
Train,4,2.611588291469946
Train,2,2.71338110778052
Train,3,2.5912622958717844
Train,0,2.666180554382019
Train,1,2.749077980825321
Train,6,2.7285467269529335
Train,2,2.6427569505809796
Train,4,2.602723717004925
Train,2,2.7098341455981205
Train,4,2.488252682512796
Train,2,2.6846102701195855
Train,6,2.721515742959822
Train,0,2.7288622595396457
Train,3,2.67885314146125
Train,1,2.683464975170393
Train,0,2.6715456857553694
Train,4,2.65912696015916
Train,2,2.609371773931755
Train,3,2.7113932620382815
Train,4,2.5602336481307644
Train,5,2.7412168739737206
Train,2,2.6829203977376666
Train,4,2.64644436606996
Train,4,2.693493628672651
Train,3,2.70106230251382
Train,2,2.6668841568823916
Train,6,2.7486403059130153
Train,6,2.669820584006145
Train,0,2.5879158986588378
Train,6,2.5794021854244344
Train,3,2.6833220280484382
Train,1,2.5841208736313384
Train,5,2.6018134786489227
Train,3,2.7633516791959947
Train,5,2.702878931699372
Train,3,2.703831680425563
Train,1,2.765657352206389
Train,4,2.7546369633933265
Train,5,2.6358579877060295
Train,2,2.618364604478413
Train,1,2.6554650363677665
Train,5,2.743235579871603
Train,2,2.726088096043242
Train,4,2.664657572129524
Train,2,2.704418487460602
Train,4,2.6755169903285765
Train,4,2.65346620006966
Train,3,2.6628128037158336
Train,6,2.7861474718159824
Train,6,2.6702496829278535
Train,5,2.711288362522843
Train,1,2.494309723134109
Train,3,2.7385366137688063
Train,1,2.5779351573448555
Train,3,2.74254114537147
Train,0,2.6023344558903694
Train,3,2.606514306645459
Train,4,2.7774666113463313
Train,3,2.6370078463000413
Train,5,2.615760840893168
Train,1,2.681022534520025
Train,4,2.7108233213481436
Train,5,2.6818358330236
Train,3,2.6092614817603543
Train,3,2.5903193413013472
Train,3,2.6128465385340673
Train,2,2.5487438884974214
Train,2,2.775796963212061
Train,2,2.7414226002701754
Train,2,2.755906844493303
Train,2,2.601402196148854
Train,1,2.6024220616175096
Train,5,2.75490017551252
Train,2,2.7398179943649943
Train,2,2.6422492958470163
Train,4,2.6769938769524884
Train,2,2.6807742242108725
Train,1,2.688631134280401
Train,4,2.696056250529133
Train,2,2.706306281393054
Train,1,2.55589453457044
Train,1,2.6692631186850155
Train,0,2.7130173535898376
Train,2,2.702017129949026
Train,1,2.5954724801304025
Train,4,2.735595800394604
Train,2,2.553502415751246
Train,0,2.574946366217302
Train,6,2.629344185594551
Train,1,2.5979935653235207
Train,4,2.7365160093149172
Train,3,2.727163654242757
Train,4,2.743811398965509
Train,6,2.7529684119104547
Train,3,2.667473151141304
Train,3,2.7072575437823536
Train,1,2.6928398020308837
Train,4,2.7277510724803697
Train,1,2.733365325486614
Train,6,2.7708675297967904
Train,5,2.746080316691911
Train,2,2.6819649191750834
Train,1,2.597406061761325
Train,3,2.7093436178394024
Train,3,2.7015654069070005
Train,2,2.674096744546237
Train,1,2.645767885177761
Train,0,2.6264453647672945
Train,1,2.5750122903406405
Train,6,2.718129185775772
Train,0,2.6258575793308023
Train,6,2.7191437243739514
Train,0,2.586252694638964
Train,4,2.749075911532685
Train,6,2.7613629206205927
Train,2,2.6896807896803225
Train,6,2.6832318103900157
Train,1,2.526833948073005
Train,3,2.629598142852611
Train,2,2.711348110439522
Train,2,2.619825750031016
Train,5,2.6046928049607776
Train,6,2.7553638152867195
Train,3,2.666087177071475
Train,0,2.703654143194056
Train,0,2.6442014996096646
Train,3,2.7389695125815514
Train,2,2.6318172657112755
Train,1,2.73419625253155
Train,3,2.70256478657254
Train,3,2.6323203108983875
Train,0,2.711751219338303
Train,2,2.676321184977199
Train,2,2.629696288842264
Train,5,2.6706076507220073
Train,5,2.702147245224931
Train,1,2.698321958035268
Train,2,2.6923661435273787
Train,2,2.7218573419762953
Train,2,2.686429280888799
Train,3,2.6715584667178125
Train,6,2.6450083898138432
Train,5,2.6658818386612126
Train,1,2.759404496040826
Train,5,2.527274757924318
Train,3,2.584181559833027
Train,0,2.687464356716567
Train,4,2.7013897470063664
Train,4,2.705848250806945
Train,0,2.6090580464365485
Train,4,2.7066166315993794
Train,1,2.5885173722438166
Train,6,2.7934345182570417
Train,1,2.7039957475634715
Train,5,2.6546921534584755
Train,6,2.652834958044864
Train,0,2.694215756633678
Train,4,2.765343469310973
Train,1,2.664018260655268
Train,1,2.6574730158916626
Train,1,2.6710424230219876
Train,4,2.6434917312864963
Train,2,2.6218992253273656
Train,3,2.7049148920187793
Train,3,2.6428685000294196
Train,3,2.634969461951864
Train,4,2.714562317805744
Train,1,2.6685560741108634
Train,1,2.68075783819581
Train,4,2.5441701100504774
Train,2,2.7256778349173256
Train,3,2.706962114633439
Train,3,2.576751967586037
Train,3,2.7266110349580064
Train,4,2.687978556354359
Train,5,2.654426938102995
Train,0,2.5206507664520634
Train,0,2.5558426605644264
Train,4,2.734880735795497
Train,3,2.719220331406251
Train,1,2.7415148808318692
Train,5,2.6578339989371518
Train,3,2.7810072720045356
Train,2,2.635915572892537
Train,1,2.631207153232187
Train,6,2.7424230720935094
Train,6,2.7624662924446226
Train,2,2.655019091405021
Train,6,2.733274403046713
Train,4,2.7421370063643673
Train,0,2.6017960678383814
Train,0,2.6518905055157194
Train,4,2.742219146916537
Train,6,2.5768294664547486
Train,2,2.6153485354778105
Train,2,2.6996248032175654
Train,1,2.707834561016534
Train,1,2.5844773194801776
Train,1,2.6888454750456505
Train,6,2.7574135366634884
Train,6,2.8045178548400203
Train,2,2.6815156526571053
Train,2,2.6789081653766873
Train,4,2.6917771146991383
Train,6,2.6933750007307564
Train,1,2.6642432630392263
Train,4,2.726022205576563
Train,3,2.6046960246937463
Train,1,2.6834041609056256
Train,4,2.7236172321502377
Train,1,2.655017877090531
Train,3,2.7653352495261725
Train,5,2.7445734948871516
Train,5,2.5943698405941142
Train,1,2.7011537179150276
Train,4,2.7022909102412207
Train,1,2.642775666786232
Train,2,2.6780823432479717
Train,5,2.644604059202408
Train,3,2.7069036252552507
Train,1,2.664871210760333
Train,1,2.751228265988888
Train,6,2.599252702291547
Train,3,2.7097744215233592
Train,4,2.5848892486222548
Train,0,2.7998572408143634
Train,6,2.659144140049252
Train,2,2.6521060149902653
Train,5,2.699519162182119
Train,3,2.749317249026339
Train,2,2.6700577752395076
Train,5,2.7462669617124855
Train,5,2.613624371064351
Train,1,2.592375531407102
Train,3,2.617503266123115
Train,3,2.7975398697279195
Train,0,2.553865379506437
Train,2,2.7819193097339654
Train,4,2.734718086650566
Train,3,2.7102924133430637
Train,1,2.5511863543579225
Train,2,2.7515642298073675
Train,2,2.7351439458766977
Train,1,2.711432414746058
Train,5,2.749965627095899
Train,4,2.7529864528259385
Train,1,2.726388349414859
Train,2,2.693811353263279
Train,1,2.7490719174655935
Train,3,2.726094439179284
Train,1,2.649568999142769
Train,3,2.52223120793315
Train,3,2.7200156081742324
Train,1,2.6362273549352238
Train,1,2.6926031587754817
Train,1,2.605934871740676
Train,2,2.6258453241287323
Train,1,2.7276662928445172
Train,2,2.7058810440437835
Train,2,2.485739220419762
Train,2,2.5916983389112276
Train,1,2.7581432940301336
Train,2,2.662702962785941
Train,5,2.7215813137428984
Train,6,2.7171945065417797
Train,2,2.717878738822224
Train,0,2.687897631642214
Train,4,2.6795343900701583
Train,4,2.6973026892048306
Train,0,2.707735849045154
Train,5,2.7862423790034114
Train,1,2.6625775677033143
Train,2,2.616053446935032
Train,4,2.680696035143733
Train,6,2.642440174854323
Train,2,2.6761608418236364
Train,3,2.6589639413363306
Train,1,2.783683486850488
Train,2,2.7212921983188783
Train,4,2.7164078920787467
Train,2,2.7362375141337236
Train,3,2.7415072872425954
Train,3,2.6296768332985683
Train,5,2.670148205698567
Train,2,2.712058428178907
Train,2,2.7099598729850816
Train,3,2.6500428093824655
Train,5,2.742356682485402
Train,2,2.6328316577983344
Train,5,2.7974411392838086
Train,5,2.720566939588185
Train,1,2.716998002662632
Train,4,2.7947572794699584
Train,3,2.6140404312555376
Train,3,2.738780035681968
Train,3,2.6311019990517117
Train,0,2.629455615118731
Train,4,2.6488059666500856
Train,4,2.6677301857589133
Train,0,2.741649353279949
Train,2,2.635746435147978
Train,5,2.785967878373169
Train,0,2.61334913306687
Train,2,2.682228732959857
Train,5,2.689928602491432
Train,0,2.733146069419604
Train,2,2.668316828835698
Train,2,2.656494162500253
Train,4,2.726053204776336
Train,1,2.660431977680444
Train,2,2.5761211770200743
Train,5,2.7087838534043174
Train,6,2.7561527650384683
Train,5,2.666636289743484
Train,4,2.7258869989429515
Train,5,2.6474527575080846
Train,4,2.6997098311663934
Train,0,2.701737475365975
Train,6,2.6238871051419266
Train,1,2.6752277237797664
Train,3,2.589715031942293
Train,1,2.6310506343196143
Train,0,2.7082708255101955
Train,1,2.7606350668549893
Train,1,2.7470679645796525
Train,4,2.732797584434363
Train,2,2.7232832376131175
Train,0,2.554406070597456
Train,0,2.4775145115666435
Train,1,2.5990079773535517
Train,0,2.5647774526190994
Train,4,2.6423228700030723
Train,4,2.7544048777668793
Train,0,2.6031854372445284
Train,2,2.66985921307395
Train,4,2.5872622521636357
Train,2,2.584259177912906
Train,0,2.616997056303956
Train,4,2.6283490548753563
Train,1,2.7612857186439728
Train,0,2.7240932376759392
Train,1,2.703626601961721
Train,1,2.614496831905046
Train,6,2.7501555978798002
Train,6,2.8136173913907414
Train,3,2.6413106366145627
Train,5,2.7167111232599876
Train,6,2.5879829670738657
Train,0,2.6342933763480096
Train,2,2.6307147465614604
Train,2,2.5722235618952025
Train,0,2.7115656765978993
Train,1,2.7037888048560057
Train,1,2.6964826974846035
Train,4,2.729593719942575
Train,4,2.746565475161958
Train,2,2.7209539525077764
Train,4,2.669539422682088
Train,2,2.588336465985526
Train,2,2.5841105842887244
Train,4,2.6328489678159395
Train,1,2.5508799878159936
Train,4,2.713118908607777
Train,3,2.711910664262814
Train,2,2.74789486942033
Train,1,2.677532791483384
Train,5,2.6889462932798436
Train,5,2.664195489714865
Train,3,2.708593582537449
Train,2,2.6112882070462833
Train,3,2.626068729434435
Train,0,2.686899336843764
Train,1,2.6961425536064776
Train,2,2.6949435725670496
Train,1,2.755395223643567
Train,4,2.6800216655949898
Train,5,2.748090422617719
Train,4,2.5925950721650377
Train,5,2.6779693251832226
Train,1,2.5441351316878986
Train,1,2.6470293065239776
Train,1,2.70841380432674
Train,1,2.7066637693219335
Train,1,2.719114480799575
Train,6,2.72862889741984
Train,0,2.660976244832781
Train,2,2.7005248067050203
Train,4,2.73519412313765
Train,1,2.725769060235879
Train,1,2.573177659579005
Train,2,2.7416859230431783
Train,2,2.5669547680797704
Train,0,2.6492314110568254
Train,0,2.702117073336343
Train,2,2.58704511809732
Train,6,2.6500251661589136
Train,1,2.702650173311387
Train,3,2.7614902251148594
Train,4,2.7255786778001623
Train,3,2.7725557264872167
Train,0,2.6403309871687135
Train,1,2.6981530940970497
Train,0,2.6409746557918607
Train,0,2.6429424115776126
Train,4,2.7307136826809444
Train,4,2.745350606290546
Train,4,2.6363034254327027
Train,3,2.650743062503356
Train,2,2.7306241012580283
Train,5,2.6581686902918586
Train,2,2.6411577667913297
Train,4,2.723943873191491
Train,2,2.655116812495628
Train,4,2.717233366314017
Train,5,2.673716117592244
Train,4,2.5499104948936635
Train,4,2.7521693601614157
Train,1,2.626972482747887
Train,3,2.756526327784757
Train,4,2.6743319463996142
Train,0,2.6985470269779945
Train,5,2.6360512527799256
Train,4,2.8135125619842705
Train,0,2.6461358830207353
Train,2,2.565435643984492
Train,4,2.765475364321306
Train,0,2.6553439537422387
Train,4,2.6189410768283876
Train,3,2.6542914700003104
Train,2,2.732333088195531
Train,0,2.731382932015026
Train,0,2.6161660020464366
Train,6,2.6502188134976308
Train,1,2.7034220291352034
Train,3,2.707090245419725
Train,2,2.6939890720307074
Train,1,2.5998105090277415
Train,3,2.73584772653656
Train,1,2.726462870279945
Train,1,2.737681621987839
Train,0,2.639659893741711
Train,1,2.572894273778455
Train,4,2.6823355714608694
Train,5,2.8145762873427294
Train,0,2.68593760102719
Train,2,2.649772456808009
Train,2,2.6717833985476123
Train,6,2.6876841154615927
Train,4,2.627630520423506
Train,2,2.6944869580987163
Train,3,2.5584399316497737
Train,3,2.6528457438150865
Train,3,2.6841794594308817
Train,3,2.7062314761782016
Train,0,2.6219479391224807
Train,5,2.7564003443268636
Train,3,2.650327390218529
Train,3,2.488977878037024
Train,2,2.707254146022213
Train,2,2.7258868484730083
Train,2,2.7503573580868745
Train,2,2.746574565583052
Train,2,2.5383011677394536
Train,0,2.5422789093824623
Train,6,2.724475308491188
Train,5,2.627810289108132
Train,3,2.732912159353932
Train,2,2.6656031332884527
Train,3,2.634114109458291
Train,0,2.7396353929708677
Train,0,2.7034993178265565
Train,4,2.7222532417280156
Train,4,2.5856490937328767
Test,3,2.644177707785174
Test,3,2.6796553093190023
Test,1,2.655390441481888
Test,2,2.672566810404386
Test,1,2.640769443747002
Test,3,2.6665182563678216
Test,3,2.7403573970624477
Test,6,2.659964910955663
Test,3,2.650867524613102
Test,0,2.592817827522033
Test,4,2.567362809038504
Test,4,2.6968743505964996
Test,2,2.5661412287014076
Test,5,2.638220689245083
Test,0,2.6908134519214792
Test,2,2.6054520971048745
Test,4,2.7278239631525296
Test,1,2.56637800204092
Test,0,2.618564860700533
Test,2,2.7794714066817727
Test,5,2.601940119775361
Test,1,2.6739741855386483
Test,1,2.7163891352611182
Test,1,2.672151124575547
Test,3,2.699095626175884
Test,0,2.500569620889932
Test,4,2.6603352637322555
Test,5,2.6223843674888747
Test,4,2.697438278934493
Test,4,2.6497894490539355
Test,5,2.682791788350347
Test,4,2.7107780145036906
Test,3,2.6391384739580093
Test,3,2.649035284389249
Test,6,2.6764724838347678
Test,1,2.4898207627832107
Test,4,2.630091224575466
Test,4,2.7324165513292162
Test,6,2.703676517946479
Test,4,2.7863605028963945
Test,3,2.7081320708037335
Test,2,2.648371139292948
Test,1,2.5646064400624042
Test,3,2.8175268109321188
Test,2,2.555277465691685
Test,6,2.6841659955753254
Test,4,2.71720308926801
Test,2,2.7259324548697816
Test,0,2.6248296630075028
Test,1,2.744382070512316
Test,3,2.6949996375083565
Test,1,2.708885601184592
Test,1,2.6296011167964406
Test,1,2.6979242996137454
Test,2,2.7304597304119564
Test,4,2.6213353141675064
Test,1,2.690538827342509
Test,5,2.638308679519803
Test,2,2.610665922409323
Test,5,2.7531801203483144
Test,2,2.6597301452477167
Test,2,2.6923837576439262
Test,1,2.7602600102763546
Test,3,2.720254168108014
Test,4,2.6160899121993646
Test,3,2.7663855739483
Test,4,2.6211458295436305
Test,2,2.610318070157053
Test,3,2.6760675251988197
Test,6,2.6607086270666955
Test,1,2.7684306442450124
Test,0,2.7759874190750105
Test,2,2.718721257150289
Test,6,2.5670846879764975
Test,0,2.6008011971679976
Test,6,2.6784835407088035
Test,3,2.6508521161853342
Test,3,2.6761163012349196
Test,0,2.6691291308385554
Test,4,2.771873474175879
Test,0,2.662716678336095
Test,1,2.7283233011866144
Test,0,2.6371049331218273
Test,0,2.650512561928741
Test,4,2.6857347749426794
Test,0,2.609319739696968
Test,1,2.6472290022819713
Test,4,2.760109520118117
Test,3,2.7215792138654273
Test,1,2.681660485279765
Test,2,2.7703784704173513
Test,4,2.714268589101932
Test,4,2.6658745774085006
Test,1,2.667260037151997
Test,5,2.6921629051014278
Test,0,2.558499096869609
Test,2,2.72539372509456
Test,1,2.5961366663900014
Test,1,2.6862050163511277
Test,4,2.794747275110806
Test,0,2.708348084626159
Test,1,2.7021018665452408
Test,2,2.7551881691478686
Test,1,2.704577644268596
Test,0,2.623159062839422
Test,6,2.7188481763396313
Test,1,2.600106668962289
Test,0,2.5665321873537073
Test,1,2.654029812061536
Test,6,2.7908997113008565
Test,1,2.646916332942597
Test,3,2.7122592188674592
Test,6,2.764322252194781
Test,2,2.762806341438455
Test,3,2.697631619604229
Test,3,2.613086781657588
Test,1,2.6633520473609082
Test,1,2.6397914832824547
Test,2,2.624519080160853
Test,4,2.6851988315772632
Test,3,2.712919466732229
Test,1,2.7088238144855326
Test,1,2.5956538501265216
Test,3,2.697298807995032
Test,1,2.6497032115243315
Test,0,2.6549420498515968
Test,2,2.708682024886927
Test,4,2.6139382038679235
Test,0,2.660498534003516
Test,1,2.598382729162226
Test,5,2.778499701357342
Test,0,2.638575420164902
Test,6,2.602791753279126
Test,6,2.7504405645573815
Test,3,2.6382879192463005
Test,5,2.6024782361440013
Test,0,2.7769764888818855
Test,0,2.5490765630130228
Test,2,2.740110168424656
Test,2,2.732622258691885
Test,3,2.667826437492028
Test,1,2.7066109642336955
Test,1,2.664666168446278
Test,1,2.5230561351468315
Test,1,2.6253023340292687
Test,3,2.716092631905982
Test,5,2.7142076428423034
Test,2,2.4632503453002745
Test,2,2.682427288365965
Test,0,2.7730281034649846
Test,0,2.498457040989957
Test,1,2.7175757966630134
Test,2,2.7199209048653734
Test,3,2.720482569674335
Test,0,2.635120829197335
Test,1,2.484929299079176
Test,4,2.7175226093090554
Test,3,2.6328296026308395
Test,2,2.654209765938345
Test,0,2.589199026217629
Test,5,2.7497798364103034
Test,3,2.64123428510512
Test,2,2.620059390588276
Test,0,2.6002237681175866
Test,3,2.725164525156585
Test,1,2.681499641041238
Test,6,2.7270471543804633
Test,4,2.5780500312585075
Test,1,2.74328972410658
Test,1,2.5696587647315567
Test,1,2.6541820217561765
Test,0,2.782533432611903
Test,0,2.6318897031250845
Test,2,2.5975597506318566
Test,3,2.747497063043565
Test,2,2.6660746623113116
Test,6,2.6885330005620687
Test,2,2.5781249312034915
Test,2,2.707432704388057
Test,5,2.607147376464105
Test,0,2.4441629925580055
Test,1,2.634061529377328
Test,5,2.7625139702201382
Test,0,2.6931720798736416
Test,5,2.7377168859538035
Test,2,2.6104452342515727
Test,1,2.5873441731210556
Test,0,2.5855722319175305
Test,0,2.7043268427645355
Test,6,2.706262207486418
Test,6,2.642934715126849
Test,6,2.6639962578026593
Test,2,2.6671595849022576
Test,4,2.6628479254850332
Test,6,2.6550256134764822
Test,4,2.7394208900672816
Test,1,2.6708015749495355
Test,4,2.775960111340357
Test,3,2.705418410540571
Test,6,2.770922579995589
Test,1,2.6132425194055027
Test,0,2.618058462123141
Test,3,2.6685379956552566
Test,4,2.713949857626278
Test,1,2.6510465761698434
Test,4,2.646600263615186
Test,6,2.7954609597819666
Test,3,2.682923402726792
Test,0,2.654098522203689
Test,3,2.646852513761926
Test,6,2.723831012565843
Test,6,2.699832736715836
Test,0,2.6151250573469325
Test,5,2.6975583108458316
Test,1,2.671208395155548
Test,1,2.681615362954422
Test,5,2.71095495837107
Test,0,2.6511585105178677
Test,2,2.649811276422243
Test,3,2.596151006418574
Test,1,2.703479639209454
Test,3,2.718029965291237
Test,4,2.745504452828618
Test,4,2.682519559223473
Test,3,2.6660348437931334
Test,0,2.6607435152899854
Test,3,2.725614712562694
Test,0,2.717540438803586
Test,0,2.636064879281061
Test,0,2.681116478067208
Test,6,2.6497502475727233
Test,6,2.699435987128997
Test,5,2.743162327589865
Test,0,2.492116087507475
Test,3,2.6607416618837454
Test,2,2.7749096807931806
Test,3,2.7300861752249106
Test,2,2.5408180259252817
Test,2,2.671001563760894
Test,3,2.5820597454727494
Test,2,2.6840030637549925
Test,2,2.770198968123024
Test,1,2.718293306116255
Test,1,2.7410797564037916
Test,3,2.6610101399965833
Test,2,2.6904717118290504
Test,5,2.731831757284307
Test,5,2.71881585605988
Test,3,2.788655564675505
Test,1,2.647977850018581
Test,2,2.6203660622948575
Test,1,2.7402387314704537
Test,3,2.6676608066811527
Test,0,2.5980626014169985
Test,3,2.708401857850283
Test,4,2.608453448711369
Test,1,2.7405732350540744
Test,4,2.5890521885421696
Test,2,2.642974098065925
Test,4,2.6253720986260123
Test,6,2.657492858240595
Test,2,2.6794309380714263
Test,5,2.7024856117334
Test,6,2.596788474481747
Test,6,2.7589290780973386
Test,2,2.726456859903185
Test,0,2.719907004915369
Test,4,2.690673898319
Test,4,2.701527010627668
Test,3,2.7031636055115933
Test,3,2.6843399138749984
Test,1,2.750545447881921
Test,4,2.684770800231109
Test,0,2.7071853641849124
Test,4,2.708054563244244
Test,5,2.581303575451989
Test,4,2.7391134528624166
Test,5,2.573644004868599
Test,0,2.6880636805305382
Test,0,2.5273616447342984
Test,3,2.7300333546484876
Test,0,2.6242677475342044
Test,1,2.6473479256391284
Test,0,2.606602717997763
Test,1,2.6290105261416805
Test,3,2.672426659434338
Test,2,2.641669651611261
Test,3,2.5913947356657037
Test,0,2.591206527696103
Test,5,2.718189335592382
Test,1,2.5977811783215143
Test,2,2.6410807903960243
Test,4,2.70533459282367
Test,2,2.6771669980563115
Test,5,2.73455406564985
Test,2,2.6887212885990857
Test,6,2.746819389046642
Test,3,2.679382941852001
Test,5,2.7053745673805167
Test,0,2.6840741511675272
Test,0,2.541259202163163
Test,1,2.66193284192148
Test,1,2.6007971181579084
Test,5,2.6997048356242157
Test,4,2.6005836942308362
Test,4,2.45595581273617
Test,1,2.482420347956795
Test,3,2.630429561192536
Test,1,2.753953795557851
Test,4,2.617470234774231
Test,1,2.6005786836423503
Test,3,2.6116528711887987
Test,6,2.6652964714833085
Test,0,2.637185455736903
Test,4,2.7730051229417088
Test,1,2.6450469240037524
Test,6,2.723724843207141
Test,1,2.7231853140619857
Test,4,2.738975440104324
Test,0,2.593861635506529
Test,3,2.7599015425079596
Test,2,2.7488925431400215
Test,2,2.749448354685831
Test,5,2.5997603878335447
Test,2,2.430799785929167
Test,0,2.7229515623953966
Test,6,2.591877903464288
Test,3,2.627326541796491
Test,0,2.6739634901801845
Test,5,2.7644698486687393
Test,4,2.6521998189687492
Test,4,2.638834708669494
Test,3,2.7331180698178854
Test,2,2.6598065004421283
Test,1,2.7110550367023007
Test,6,2.6351396529665307
Test,3,2.7340816520580864
Test,2,2.6784801445003046
Test,1,2.569535984937589
Test,5,2.768657962369525
Test,1,2.764281152279159
Test,3,2.649416799409321
Test,2,2.74378494143408
Test,0,2.6050742309278005
Test,2,2.7094251280526067
Test,4,2.71384799355873
Test,6,2.6401732472914032
Test,6,2.6609018320770543
Test,0,2.7154473995275428
Test,1,2.645028304796589
Test,3,2.6762884564776384
Test,3,2.6227598794494473
Test,3,2.650918428907758
Test,3,2.7208154788544734
Test,6,2.752810781318477
Test,0,2.4819500908166914
Test,2,2.639397446628692
Test,3,2.7114274346876868
Test,6,2.733702366477428
Test,1,2.693389223338515
Test,5,2.665372914336272
Test,4,2.610852323162023
Test,2,2.7107462983128876
Test,3,2.6303977617296503
Test,1,2.61424247393122
Test,2,2.628796499786481
Test,2,2.6131791821634067
Test,2,2.6272776531366078
Test,0,2.7259114620533733
Test,0,2.559878896218809
Test,0,2.5478519879713057
Test,3,2.711092618946716
Test,2,2.5733224990419346
Test,5,2.63604566296711
Test,3,2.60962762705065
Test,4,2.75334321973698
Test,1,2.517701542005878
Test,1,2.7527569868727952
Test,3,2.6504208750183933
Test,0,2.565465353815936
Test,3,2.7666389811011527
Test,1,2.6406639009745474
Test,6,2.643982100574024
Test,3,2.7300479117107175
Test,0,2.6237862317421548
Test,3,2.6607887630556166
Test,6,2.7167666354601674
Test,4,2.655734625908686
Test,1,2.584311870283187
Test,5,2.7175202296246757
Test,4,2.658126164758072
Test,4,2.6736252469551745
Test,1,2.6784760280190056
Test,1,2.685529711849743
Test,3,2.647250826473504
Test,5,2.7344708174013714
Test,2,2.635792702192534
Test,3,2.6841702916092247
Test,6,2.7153647606006133
Test,3,2.7450745611572165
Test,4,2.6208596286913446
Test,3,2.736015592690638
Test,1,2.6502363155077417
Test,1,2.633412418277755
Test,0,2.641514372484378
Test,4,2.5819082765680084
Test,2,2.5717265972806183
Test,0,2.6230463170162217
Test,2,2.653126997728364
Test,4,2.63122272633048
Test,4,2.7214658828577623
Test,6,2.71505550406001
Test,0,2.464218112254092
Test,6,2.6637399347734236
Test,4,2.5920179589681904
Test,4,2.6994963475897533
Test,6,2.628200975596119
Test,3,2.7170351285037606
Test,2,2.643169163323127
Test,5,2.723198200317611
Test,1,2.6594302569140047
Test,3,2.7238028958801204
Test,0,2.7089137955861564
Test,4,2.8388150111459276
Test,1,2.704583538015799
Test,1,2.6488011264110902
Test,5,2.7029171945931227
Test,4,2.620374613126119
Test,4,2.61471261950442
Test,3,2.67880416013108
Test,0,2.6356771253779625
Test,1,2.684592414935322
Test,1,2.6783737683304487
Test,1,2.6518774001018697
Test,4,2.744718018092651
Test,1,2.6552316513442626
Test,2,2.725959850875235
Test,4,2.705923438466253
Test,3,2.6435017561172485
Test,2,2.637845900451312
Test,6,2.6295237589114646
Test,3,2.716855782356843
Test,5,2.7299075402570656
Test,3,2.715634597348564
Test,1,2.6966514888412885
Test,5,2.5500731461185024
Test,6,2.7404866573528746
Test,2,2.661461494515601
Test,2,2.6201425558314626
Test,0,2.603652654002523
Test,3,2.7582258760693588
Test,6,2.6919092029781546
Test,2,2.6783967628102854
Test,1,2.564194709281559
Test,5,2.6584887241758977
Test,2,2.665119974663651
Test,6,2.7205081846736348
Test,0,2.7095940511052037
Test,1,2.606769456919815
Test,4,2.721351262282876
Test,0,2.5276402712472255
Test,3,2.6823531795370736
Test,0,2.658363059674507
Test,3,2.770152950545517
Test,1,2.6179120075574387
Test,5,2.687708096395981
Test,5,2.7173052213891706
Test,6,2.734853085478249
Test,4,2.776750160012743
Test,4,2.742472099080253
Test,4,2.7513529461805124
Test,1,2.678712355693004
Test,5,2.7184028541947676
Test,2,2.7119961899761096
Test,1,2.6868747854547745
Test,0,2.475259265600627
Test,0,2.618911324091288
Test,2,2.692733461611864
Test,2,2.6671615631716743
Test,4,2.71551458413114
Test,1,2.6320103583165615
Test,1,2.6564521762280005
Test,6,2.68779023165887
Test,3,2.7149407357942414
Test,2,2.6082757428213177
Test,2,2.741127092106936
Test,1,2.60898427657909
Test,4,2.6359663107224476
Test,2,2.7586670893445926
Test,2,2.788901682165965
Test,2,2.7122212328231035
Test,3,2.6781247823855368
Test,6,2.742202305326003
Test,2,2.695966590673949
Test,2,2.5901360894482304
Test,6,2.7393974119049394
Test,3,2.7172231033618393
Test,2,2.7504210192328684
Test,5,2.6401891106526234
Test,6,2.6217215967959304
Test,3,2.733255935345953
Test,2,2.628981286810565
Test,3,2.68552923327303
Test,2,2.6427681889871137
Test,4,2.654292412355241
Test,0,2.5722442414175366
Test,4,2.686483551299105
Test,3,2.7345145420444346
Test,2,2.695482858227618
Test,6,2.756796080251107
Test,5,2.592939610009375
Test,0,2.6466292588553637
Test,5,2.727893397645455
Test,5,2.7221606434958816
Test,3,2.7721242374858157
Test,2,2.6866417546284715
Test,1,2.613144524918455
Test,1,2.7265177216350316
Test,2,2.756829000280612
Test,3,2.7626933818146995
Test,2,2.7593247935355993
Test,4,2.695792354384516
Test,4,2.683147017851432
Test,1,2.6137681439159905
Test,6,2.7011783168103
Test,0,2.6969838524542062
Test,0,2.5467812120313194
Test,4,2.688330273793939
Test,2,2.682447534124807
Test,1,2.5747996479766324
Test,1,2.62622153355646
Test,3,2.6202170599830663
Test,5,2.648666761762848
Test,2,2.615588386505218
Test,6,2.679020940655079
Test,1,2.684897860415944
Test,1,2.705861433974399
Test,6,2.629117655114469
Test,4,2.649326020829556
Test,3,2.7215937387442573
Test,4,2.6796691876909216
Test,2,2.747666454403996
Test,3,2.772077259860248
Test,5,2.6907451463310674
Test,0,2.6400303859887297
Test,4,2.7432315205512454
Test,1,2.651137528903324
Test,1,2.6595933166396475
Test,2,2.605498662009909
Test,2,2.7624230092857283
Test,1,2.7685890031412947
Test,0,2.668889658136399
Test,6,2.7462306581097526
Test,5,2.6616933295325085
Test,2,2.7042126319290616
Test,1,2.659034927649012
Test,6,2.6381782133801255
Test,5,2.6822976732186405
Test,3,2.6895746603469064
Test,3,2.6692815410180577
Test,1,2.702516778470345
Test,0,2.6610650989584927
Test,1,2.7180564628141237
Test,5,2.731743032301273
Test,1,2.6507810876238933
Test,4,2.6436781782778467
Test,0,2.533683567984486
Test,1,2.5825234573277562
Test,5,2.660234978039972
Test,4,2.6306703137193996
Test,5,2.6318005647162295
Test,2,2.6892721147910423
Test,2,2.4954481297123206
Test,0,2.74708058774529
Test,5,2.6822682370321997
Test,2,2.478065948689553
Test,6,2.6458146933899416
Test,1,2.7512175350748582
Test,2,2.726340412980907
Test,0,2.625610587424512
Test,5,2.769567938501071
Test,2,2.556483989416807
Test,5,2.7663974256674266
Test,3,2.6943642238498895
Test,5,2.712462818404626
Test,4,2.6734308271878677
Test,5,2.728048937700549
Test,0,2.7193256395013687
Test,5,2.6780640985021553
Test,1,2.7199526764850863
Test,5,2.6865600859969847
Test,1,2.6863206100910317
Test,3,2.6025225946948027
Test,1,2.738743892678745
Test,4,2.573051702370721
Test,4,2.7157030660680084
Test,1,2.671683287380365
Test,0,2.5750929519520462
Test,1,2.6697861187081764
Test,4,2.6735812176741063
Test,4,2.5500574125506237
Test,5,2.686930221006585
Test,1,2.6161758018011323
Test,3,2.5879306454323983
Test,2,2.680511748215259
Test,2,2.6991091092981425
Test,5,2.7099197316706425
Test,6,2.683388553648845
Test,3,2.6851756194698124
Test,2,2.697527594163848
Test,5,2.682739914321185
Test,5,2.699174386644229
Test,1,2.586905327407281
Test,6,2.6893816007689977
Test,4,2.7233931571569707
Test,2,2.6690032816438936
Test,2,2.7122303126523577
Test,1,2.5535462272433604
Test,2,2.644322153959522
Test,0,2.6107212685162113
Test,1,2.6770409336889207
Test,0,2.7064409015637585
Test,0,2.6178411152332552
Test,1,2.727932186988785
Test,2,2.618433358303888
Test,1,2.7265685146627767
Test,0,2.5255688623069776
Test,0,2.7008127463143605
Test,3,2.6390081380528714
Test,6,2.705215296384978
Test,3,2.722604716330963
Test,3,2.7648339355741434
Test,5,2.716790817635442
Test,4,2.5742678319973056
Test,2,2.635063673189349
Test,2,2.747102883576545
Test,3,2.713104799754963
Test,1,2.700268824993872
Test,4,2.706447838621192
Test,3,2.662251964851313
Test,4,2.7664073049669793
Test,2,2.5666728828758067
Test,1,2.728650896889448
Test,5,2.6879468628653056
Test,1,2.6517552135643836
Test,2,2.781915955329449
Test,4,2.7213929838759383
Test,3,2.657609985326382
Test,0,2.6516605797161983
Test,4,2.641022711480355
Test,5,2.666362859648357
Test,3,2.671077175389105
Test,3,2.7144213245876467
Test,2,2.606438997463998
Test,1,2.64428446968093
Test,0,2.5764234739341223
Test,6,2.651669278765941
Test,4,2.714080829383197
Test,4,2.777452613623215
Test,5,2.7489577950367
Test,1,2.6640555802834083
Test,6,2.764685726846328
Test,2,2.6134926312587465
Test,1,2.717002761123976
Test,3,2.7225576446476323
Test,6,2.738637745588847
Test,4,2.666437697140052
Test,2,2.6880371706981867
Test,0,2.617039969327668
Test,2,2.6954999522718106
Test,5,2.76020494692021
Test,5,2.593813508089799
Test,5,2.6288547997533738
Test,5,2.6176181138609063
Test,2,2.682329721638996
Test,4,2.729194490899849
Test,1,2.7090410088191312
Test,4,2.6913566325063356
Test,0,2.590510057536701
Test,4,2.7029834041389824
Test,2,2.7373418206406455
Test,1,2.6478706857252177
Test,5,2.6109605343559172
Test,6,2.8136878369562863
Test,4,2.736158057408376
Test,6,2.7307251601725797
Test,5,2.624991872253113
Test,2,2.6678517346690103
Test,4,2.7031005077150665
Test,3,2.7256890669916873
Test,2,2.7407127040571453
Test,1,2.662591189987397
Test,4,2.5660344060768807
Test,2,2.6875453097778874
Test,3,2.6511256553766054
Test,6,2.7879724818997693
Test,0,2.690338891763635
Test,0,2.5939867906513516
Test,2,2.6432487113661045
Test,2,2.714093500028016
Test,1,2.714597789278325
Test,2,2.63601307698995
Test,3,2.677955625156906
Test,1,2.5655237647030797
Test,3,2.7594530081824273
Test,6,2.7402227355944917
Test,5,2.667940914464003
Test,0,2.7029139922885417
Test,3,2.7626456726946214
Test,2,2.7680049821485606
Test,1,2.4609655678010616
Test,6,2.6690508895001575
Test,4,2.674814763122433
Test,0,2.577510407744337
Test,1,2.7135699728352334
Test,6,2.6914798936080957
Test,2,2.6313858864455155
Test,0,2.5490406563097476
Test,0,2.72103033178748
Test,4,2.671869583557468
Test,2,2.656827085202033
Test,4,2.7500233927218654
Test,2,2.7589965357933295
Test,4,2.6996778031880133
Test,2,2.649525903311298
Test,3,2.7312019764527475
Test,5,2.6760724840479266
Test,1,2.6912319302528336
Test,1,2.7115321042220795
Test,6,2.646754671751298
Test,1,2.6072921298718885
Test,2,2.67606864207947
Test,4,2.7021198838253055
Test,4,2.718188974678359
Test,4,2.6989584475257518
Test,3,2.615699592140126
Test,3,2.712885235671659
Test,4,2.7427774973388623
Test,1,2.6737198316003394
Test,2,2.6465063117505445
Test,0,2.5553238179727558
Test,2,2.579073102524016
Test,5,2.7440237464473585
Test,2,2.861760540780145
Test,5,2.72467540441397
Test,3,2.8023213892895074
Test,6,2.6386468867359536
